time,method,number of record,elapsed time
2021/08/08 15:00:55,GET,62000,4
2021/08/08 15:00:57,GET,62100,4
2021/08/08 15:00:59,GET,62200,4
2021/08/08 15:01:05,GET,62300,2
2021/08/08 15:01:07,GET,62400,4
2021/08/08 15:01:10,GET,62500,5
2021/08/08 15:01:13,GET,62600,4
2021/08/08 15:01:18,GET,62700,4
2021/08/08 15:01:20,GET,62800,3
2021/08/08 15:01:22,GET,62900,4
2021/08/08 15:01:24,GET,63000,4
2021/08/08 15:01:26,GET,63100,5
2021/08/08 15:01:28,GET,63200,3
2021/08/08 15:01:30,GET,63300,4
2021/08/08 15:01:33,GET,63400,5
2021/08/08 15:01:35,GET,63500,4
2021/08/08 15:01:37,GET,63600,6
2021/08/08 15:01:40,GET,63700,4
2021/08/08 15:01:42,GET,63800,3
2021/08/08 15:01:44,GET,63900,5
2021/08/08 15:01:46,GET,64000,4
2021/08/08 15:01:49,GET,64100,3
2021/08/08 15:01:51,GET,64200,4
2021/08/08 15:01:53,GET,64300,4
2021/08/08 15:01:55,GET,64400,3
2021/08/08 15:01:57,GET,64500,5
2021/08/08 15:01:59,GET,64600,4
2021/08/08 15:02:01,GET,64700,4
2021/08/08 15:02:03,GET,64800,4
2021/08/08 15:02:05,GET,64900,4
2021/08/08 15:02:07,GET,65000,3
2021/08/08 15:02:09,GET,65100,4
2021/08/08 15:02:11,GET,65200,3
2021/08/08 15:02:13,GET,65300,5
2021/08/08 15:02:15,GET,65400,4
2021/08/08 15:02:17,GET,65500,3
2021/08/08 15:02:19,GET,65600,4
2021/08/08 15:02:21,GET,65700,4
2021/08/08 15:02:23,GET,65800,3
2021/08/08 15:02:25,GET,65900,5
2021/08/08 15:02:27,GET,66000,3
2021/08/08 15:02:30,GET,66100,5
2021/08/08 15:02:32,GET,66200,4
2021/08/08 15:02:34,GET,66300,3
2021/08/08 15:02:36,GET,66400,3
2021/08/08 15:02:38,GET,66500,3
2021/08/08 15:02:40,GET,66600,5
2021/08/08 15:02:46,GET,66700,13
2021/08/08 15:02:48,GET,66800,3
2021/08/08 15:02:50,GET,66900,4
2021/08/08 15:02:52,GET,67000,5
2021/08/08 15:02:54,GET,67100,4
2021/08/08 15:02:56,GET,67200,4
2021/08/08 15:02:58,GET,67300,3
2021/08/08 15:03:00,GET,67400,3
2021/08/08 15:03:02,GET,67500,4
2021/08/08 15:03:04,GET,67600,4
2021/08/08 15:03:07,GET,67700,4
2021/08/08 15:03:09,GET,67800,3
2021/08/08 15:03:11,GET,67900,4
2021/08/08 15:03:12,GET,68000,4
2021/08/08 15:03:15,GET,68100,4
2021/08/08 15:03:18,GET,68200,4
2021/08/08 15:03:19,GET,68300,3
2021/08/08 15:03:21,GET,68400,4
2021/08/08 15:03:24,GET,68500,5
2021/08/08 15:03:26,GET,68600,4
2021/08/08 15:03:27,GET,68700,5
2021/08/08 15:03:29,GET,68800,4
2021/08/08 15:03:31,GET,68900,3
2021/08/08 15:03:33,GET,69000,4
2021/08/08 15:03:35,GET,69100,4
2021/08/08 15:03:37,GET,69200,3
2021/08/08 15:03:39,GET,69300,5
2021/08/08 15:03:41,GET,69400,4
2021/08/08 15:03:43,GET,69500,3
2021/08/08 15:03:45,GET,69600,5
2021/08/08 15:03:47,GET,69700,4
2021/08/08 15:03:49,GET,69800,4
2021/08/08 15:03:51,GET,69900,4
2021/08/08 15:03:53,GET,70000,3
2021/08/08 15:03:55,GET,70100,4
2021/08/08 15:03:57,GET,70200,4
2021/08/08 15:03:59,GET,70300,4
2021/08/08 15:04:01,GET,70400,4
2021/08/08 15:04:03,GET,70500,4
2021/08/08 15:04:05,GET,70600,4
2021/08/08 15:04:07,GET,70700,4
2021/08/08 15:04:09,GET,70800,4
2021/08/08 15:04:11,GET,70900,4
2021/08/08 15:04:12,GET,71000,4
2021/08/08 15:04:14,GET,71100,4
2021/08/08 15:04:16,GET,71200,5
2021/08/08 15:04:18,GET,71300,3
2021/08/08 15:04:20,GET,71400,4
2021/08/08 15:04:22,GET,71500,4
2021/08/08 15:04:24,GET,71600,4
2021/08/08 15:04:26,GET,71700,3
2021/08/08 15:04:29,GET,71800,5
2021/08/08 15:04:32,GET,71900,4
2021/08/08 15:04:34,GET,72000,4
2021/08/08 15:04:36,GET,72100,4
2021/08/08 15:04:38,GET,72200,4
2021/08/08 15:04:40,GET,72300,4
2021/08/08 15:04:41,GET,72400,4
2021/08/08 15:04:43,GET,72500,4
2021/08/08 15:04:45,GET,72600,4
2021/08/08 15:04:47,GET,72700,3
2021/08/08 15:04:49,GET,72800,4
2021/08/08 15:04:51,GET,72900,4
2021/08/08 15:04:53,GET,73000,3
2021/08/08 15:04:55,GET,73100,4
2021/08/08 15:04:57,GET,73200,4
2021/08/08 15:04:59,GET,73300,4
2021/08/08 15:05:01,GET,73400,3
2021/08/08 15:05:03,GET,73500,4
2021/08/08 15:05:05,GET,73600,4
2021/08/08 15:05:07,GET,73700,3
2021/08/08 15:05:09,GET,73800,5
2021/08/08 15:05:12,GET,73900,4
2021/08/08 15:05:14,GET,74000,4
2021/08/08 15:05:16,GET,74100,4
2021/08/08 15:05:18,GET,74200,3
2021/08/08 15:05:20,GET,74300,4
2021/08/08 15:05:22,GET,74400,4
2021/08/08 15:05:24,GET,74500,3
2021/08/08 15:05:26,GET,74600,4
2021/08/08 15:05:27,GET,74700,4
2021/08/08 15:05:29,GET,74800,4
2021/08/08 15:05:31,GET,74900,3
2021/08/08 15:05:33,GET,75000,4
2021/08/08 15:05:35,GET,75100,4
2021/08/08 15:05:37,GET,75200,3
2021/08/08 15:05:39,GET,75300,4
2021/08/08 15:05:41,GET,75400,5
2021/08/08 15:05:43,GET,75500,4
2021/08/08 15:05:45,GET,75600,8
2021/08/08 15:05:47,GET,75700,5
2021/08/08 15:05:49,GET,75800,5
2021/08/08 15:05:52,GET,75900,6
2021/08/08 15:05:54,GET,76000,4
2021/08/08 15:06:12,GET,76100,4
2021/08/08 15:06:15,GET,76200,7
2021/08/08 15:06:18,GET,76300,5
2021/08/08 15:06:21,GET,76400,4
2021/08/08 15:06:23,GET,76500,10
2021/08/08 15:06:25,GET,76600,3
2021/08/08 15:06:29,GET,76700,4
2021/08/08 15:06:31,GET,76800,5
2021/08/08 15:06:33,GET,76900,3
2021/08/08 15:06:35,GET,77000,3
2021/08/08 15:06:37,GET,77100,3
2021/08/08 15:06:38,GET,77200,3
2021/08/08 15:06:40,GET,77300,4
2021/08/08 15:06:42,GET,77400,5
2021/08/08 15:06:44,GET,77500,3
2021/08/08 15:06:46,GET,77600,3
2021/08/08 15:06:48,GET,77700,5
2021/08/08 15:06:50,GET,77800,4
2021/08/08 15:06:52,GET,77900,3
2021/08/08 15:06:54,GET,78000,3
2021/08/08 15:06:56,GET,78100,4
2021/08/08 15:06:57,GET,78200,4
2021/08/08 15:06:59,GET,78300,4
2021/08/08 15:07:02,GET,78400,4
2021/08/08 15:07:03,GET,78500,4
2021/08/08 15:07:05,GET,78600,4
2021/08/08 15:07:07,GET,78700,4
2021/08/08 15:07:09,GET,78800,4
2021/08/08 15:07:14,GET,78900,4
2021/08/08 15:07:16,GET,79000,5
2021/08/08 15:07:18,GET,79100,4
2021/08/08 15:07:21,GET,79200,3
2021/08/08 15:07:24,GET,79300,4
2021/08/08 15:07:26,GET,79400,4
2021/08/08 15:07:28,GET,79500,4
2021/08/08 15:07:30,GET,79600,4
2021/08/08 15:07:32,GET,79700,5
2021/08/08 15:07:34,GET,79800,5
2021/08/08 15:07:36,GET,79900,3
2021/08/08 15:07:38,GET,80000,2
2021/08/08 15:07:40,GET,80100,4
2021/08/08 15:07:42,GET,80200,4
2021/08/08 15:07:44,GET,80300,5
2021/08/08 15:07:46,GET,80400,3
2021/08/08 15:07:48,GET,80500,3
2021/08/08 15:07:49,GET,80600,3
2021/08/08 15:07:52,GET,80700,4
2021/08/08 15:07:54,GET,80800,3
2021/08/08 15:07:56,GET,80900,4
2021/08/08 15:07:57,GET,81000,4
2021/08/08 15:08:00,GET,81100,4
2021/08/08 15:08:01,GET,81200,3
2021/08/08 15:08:04,GET,81300,4
2021/08/08 15:08:06,GET,81400,4
2021/08/08 15:08:08,GET,81500,4
2021/08/08 15:08:10,GET,81600,3
2021/08/08 15:08:12,GET,81700,4
2021/08/08 15:08:14,GET,81800,4
2021/08/08 15:08:16,GET,81900,4
2021/08/08 15:08:18,GET,82000,4
2021/08/08 15:08:20,GET,82100,4
2021/08/08 15:08:22,GET,82200,4
2021/08/08 15:08:24,GET,82300,4
2021/08/08 15:08:26,GET,82400,4
2021/08/08 15:08:28,GET,82500,4
2021/08/08 15:08:29,GET,82600,3
2021/08/08 15:08:32,GET,82700,4
2021/08/08 15:08:33,GET,82800,3
2021/08/08 15:08:35,GET,82900,4
2021/08/08 15:08:37,GET,83000,4
2021/08/08 15:08:39,GET,83100,4
2021/08/08 15:08:41,GET,83200,4
2021/08/08 15:08:43,GET,83300,4
2021/08/08 15:08:45,GET,83400,5
2021/08/08 15:08:47,GET,83500,4
2021/08/08 15:08:49,GET,83600,6
2021/08/08 15:08:51,GET,83700,4
2021/08/08 15:08:53,GET,83800,3
2021/08/08 15:08:55,GET,83900,4
2021/08/08 15:08:57,GET,84000,3
2021/08/08 15:08:59,GET,84100,4
2021/08/08 15:09:02,GET,84200,5
2021/08/08 15:09:04,GET,84300,3
2021/08/08 15:09:06,GET,84400,5
2021/08/08 15:09:08,GET,84500,4
2021/08/08 15:09:10,GET,84600,4
2021/08/08 15:09:12,GET,84700,4
2021/08/08 15:09:13,GET,84800,4
2021/08/08 15:09:15,GET,84900,4
2021/08/08 15:09:17,GET,85000,4
2021/08/08 15:09:19,GET,85100,4
2021/08/08 15:09:21,GET,85200,3
2021/08/08 15:09:23,GET,85300,4
2021/08/08 15:09:25,GET,85400,4
2021/08/08 15:09:27,GET,85500,4
2021/08/08 15:09:29,GET,85600,4
2021/08/08 15:09:31,GET,85700,4
2021/08/08 15:09:33,GET,85800,6
2021/08/08 15:09:35,GET,85900,3
2021/08/08 15:09:37,GET,86000,4
2021/08/08 15:09:39,GET,86100,3
2021/08/08 15:09:41,GET,86200,4
2021/08/08 15:09:43,GET,86300,4
2021/08/08 15:09:44,GET,86400,3
2021/08/08 15:09:46,GET,86500,4
2021/08/08 15:09:48,GET,86600,4
2021/08/08 15:09:50,GET,86700,4
2021/08/08 15:09:52,GET,86800,3
2021/08/08 15:09:54,GET,86900,4
2021/08/08 15:09:57,GET,87000,4
2021/08/08 15:09:59,GET,87100,4
2021/08/08 15:10:01,GET,87200,4
2021/08/08 15:10:05,GET,87300,4
2021/08/08 15:10:07,GET,87400,4
2021/08/08 15:10:09,GET,87500,3
2021/08/08 15:10:11,GET,87600,5
2021/08/08 15:10:13,GET,87700,4
2021/08/08 15:10:15,GET,87800,5
2021/08/08 15:10:17,GET,87900,4
2021/08/08 15:10:19,GET,88000,3
2021/08/08 15:10:21,GET,88100,4
2021/08/08 15:10:22,GET,88200,5
2021/08/08 15:10:24,GET,88300,3
2021/08/08 15:10:26,GET,88400,4
2021/08/08 15:10:28,GET,88500,3
2021/08/08 15:10:30,GET,88600,4
2021/08/08 15:10:32,GET,88700,4
2021/08/08 15:10:34,GET,88800,3
2021/08/08 15:10:36,GET,88900,3
2021/08/08 15:10:38,GET,89000,3
2021/08/08 15:10:40,GET,89100,4
2021/08/08 15:10:41,GET,89200,4
2021/08/08 15:10:43,GET,89300,4
2021/08/08 15:10:45,GET,89400,4
2021/08/08 15:10:47,GET,89500,4
2021/08/08 15:10:49,GET,89600,4
2021/08/08 15:10:51,GET,89700,4
2021/08/08 15:10:53,GET,89800,4
2021/08/08 15:10:55,GET,89900,4
2021/08/08 15:10:57,GET,90000,4
2021/08/08 15:10:59,GET,90100,4
2021/08/08 15:11:01,GET,90200,4
2021/08/08 15:11:03,GET,90300,4
2021/08/08 15:11:04,GET,90400,4
2021/08/08 15:11:07,GET,90500,6
2021/08/08 15:11:09,GET,90600,5
2021/08/08 15:11:13,GET,90700,6
2021/08/08 15:11:18,GET,90800,3
2021/08/08 15:11:20,GET,90900,3
2021/08/08 15:11:23,GET,91000,4
2021/08/08 15:11:25,GET,91100,5
2021/08/08 15:11:27,GET,91200,4
2021/08/08 15:11:29,GET,91300,4
2021/08/08 15:11:31,GET,91400,3
2021/08/08 15:11:32,GET,91500,3
2021/08/08 15:11:34,GET,91600,5
2021/08/08 15:11:36,GET,91700,4
2021/08/08 15:11:39,GET,91800,4
2021/08/08 15:11:41,GET,91900,5
2021/08/08 15:11:43,GET,92000,4
2021/08/08 15:11:45,GET,92100,4
2021/08/08 15:11:47,GET,92200,3
2021/08/08 15:11:49,GET,92300,3
2021/08/08 15:11:51,GET,92400,5
2021/08/08 15:11:53,GET,92500,4
2021/08/08 15:11:55,GET,92600,5
2021/08/08 15:11:57,GET,92700,3
2021/08/08 15:11:59,GET,92800,4
2021/08/08 15:12:01,GET,92900,4
2021/08/08 15:12:03,GET,93000,4
2021/08/08 15:12:05,GET,93100,4
2021/08/08 15:12:06,GET,93200,5
2021/08/08 15:12:08,GET,93300,3
2021/08/08 15:12:10,GET,93400,4
2021/08/08 15:12:12,GET,93500,4
2021/08/08 15:12:14,GET,93600,5
2021/08/08 15:12:16,GET,93700,4
2021/08/08 15:12:18,GET,93800,4
2021/08/08 15:12:20,GET,93900,4
2021/08/08 15:12:22,GET,94000,2
2021/08/08 15:12:24,GET,94100,5
2021/08/08 15:12:26,GET,94200,4
2021/08/08 15:12:28,GET,94300,3
2021/08/08 15:12:30,GET,94400,4
2021/08/08 15:12:32,GET,94500,4
2021/08/08 15:12:34,GET,94600,5
2021/08/08 15:12:36,GET,94700,3
2021/08/08 15:12:37,GET,94800,4
2021/08/08 15:12:39,GET,94900,3
2021/08/08 15:12:41,GET,95000,3
2021/08/08 15:12:43,GET,95100,3
2021/08/08 15:12:45,GET,95200,3
2021/08/08 15:12:47,GET,95300,3
2021/08/08 15:12:49,GET,95400,3
2021/08/08 15:12:51,GET,95500,4
2021/08/08 15:12:53,GET,95600,4
2021/08/08 15:12:55,GET,95700,3
2021/08/08 15:12:57,GET,95800,5
2021/08/08 15:12:59,GET,95900,5
2021/08/08 15:13:01,GET,96000,4
2021/08/08 15:13:04,GET,96100,4
2021/08/08 15:13:06,GET,96200,4
2021/08/08 15:13:08,GET,96300,4
2021/08/08 15:13:10,GET,96400,5
2021/08/08 15:13:12,GET,96500,4
2021/08/08 15:13:14,GET,96600,5
2021/08/08 15:13:16,GET,96700,3
2021/08/08 15:13:18,GET,96800,4
2021/08/08 15:13:20,GET,96900,4
2021/08/08 15:13:22,GET,97000,3
2021/08/08 15:13:24,GET,97100,4
2021/08/08 15:13:26,GET,97200,3
2021/08/08 15:13:28,GET,97300,4
2021/08/08 15:13:29,GET,97400,4
2021/08/08 15:13:31,GET,97500,5
2021/08/08 15:13:33,GET,97600,4
2021/08/08 15:13:35,GET,97700,3
2021/08/08 15:13:37,GET,97800,4
2021/08/08 15:13:39,GET,97900,4
2021/08/08 15:13:41,GET,98000,4
2021/08/08 15:13:43,GET,98100,4
2021/08/08 15:13:46,GET,98200,29
2021/08/08 15:13:48,GET,98300,4
2021/08/08 15:13:50,GET,98400,5
2021/08/08 15:13:52,GET,98500,4
2021/08/08 15:13:54,GET,98600,5
2021/08/08 15:13:56,GET,98700,4
2021/08/08 15:13:58,GET,98800,3
2021/08/08 15:14:00,GET,98900,6
2021/08/08 15:14:02,GET,99000,3
2021/08/08 15:14:05,GET,99100,5
2021/08/08 15:14:07,GET,99200,4
2021/08/08 15:14:09,GET,99300,7
2021/08/08 15:14:11,GET,99400,4
2021/08/08 15:14:13,GET,99500,3
2021/08/08 15:14:15,GET,99600,4
2021/08/08 15:14:17,GET,99700,5
2021/08/08 15:14:19,GET,99800,4
2021/08/08 15:14:21,GET,99900,4
2021/08/08 15:14:24,GET,100000,48
2021/08/08 15:14:27,GET,100100,3
2021/08/08 15:14:29,GET,100200,3
2021/08/08 15:14:31,GET,100300,4
2021/08/08 15:14:32,GET,100400,5
2021/08/08 15:14:34,GET,100500,4
2021/08/08 15:14:37,GET,100600,3
2021/08/08 15:14:39,GET,100700,5
2021/08/08 15:14:41,GET,100800,5
2021/08/08 15:14:43,GET,100900,4
2021/08/08 15:14:45,GET,101000,3
2021/08/08 15:14:47,GET,101100,4
2021/08/08 15:14:49,GET,101200,4
2021/08/08 15:14:51,GET,101300,4
2021/08/08 15:14:53,GET,101400,4
2021/08/08 15:14:55,GET,101500,3
2021/08/08 15:14:57,GET,101600,4
2021/08/08 15:14:59,GET,101700,4
2021/08/08 15:15:01,GET,101800,4
2021/08/08 15:15:03,GET,101900,5
2021/08/08 15:15:05,GET,102000,4
2021/08/08 15:15:07,GET,102100,4
2021/08/08 15:15:10,GET,102200,3
2021/08/08 15:15:12,GET,102300,6
2021/08/08 15:15:14,GET,102400,4
2021/08/08 15:15:16,GET,102500,4
2021/08/08 15:15:18,GET,102600,4
2021/08/08 15:15:20,GET,102700,4
2021/08/08 15:15:22,GET,102800,4
2021/08/08 15:15:24,GET,102900,4
2021/08/08 15:15:26,GET,103000,4
2021/08/08 15:15:28,GET,103100,4
2021/08/08 15:15:30,GET,103200,4
2021/08/08 15:15:32,GET,103300,5
2021/08/08 15:15:34,GET,103400,4
2021/08/08 15:15:36,GET,103500,3
2021/08/08 15:15:38,GET,103600,4
2021/08/08 15:15:40,GET,103700,3
2021/08/08 15:15:42,GET,103800,3
2021/08/08 15:15:44,GET,103900,4
2021/08/08 15:15:46,GET,104000,3
2021/08/08 15:15:47,GET,104100,4
2021/08/08 15:15:49,GET,104200,4
2021/08/08 15:15:51,GET,104300,5
2021/08/08 15:15:53,GET,104400,4
2021/08/08 15:15:55,GET,104500,4
2021/08/08 15:15:57,GET,104600,3
2021/08/08 15:15:59,GET,104700,4
2021/08/08 15:16:01,GET,104800,3
2021/08/08 15:16:03,GET,104900,4
2021/08/08 15:16:05,GET,105000,3
2021/08/08 15:16:07,GET,105100,4
2021/08/08 15:16:09,GET,105200,5
2021/08/08 15:16:11,GET,105300,5
2021/08/08 15:16:17,GET,105400,4
2021/08/08 15:16:20,GET,105500,4
2021/08/08 15:16:23,GET,105600,5
2021/08/08 15:16:27,GET,105700,3
2021/08/08 15:16:29,GET,105800,4
2021/08/08 15:16:31,GET,105900,4
2021/08/08 15:16:33,GET,106000,4
2021/08/08 15:16:35,GET,106100,5
2021/08/08 15:16:37,GET,106200,3
2021/08/08 15:16:39,GET,106300,4
2021/08/08 15:16:41,GET,106400,4
2021/08/08 15:16:43,GET,106500,4
2021/08/08 15:16:45,GET,106600,4
2021/08/08 15:16:47,GET,106700,4
2021/08/08 15:16:49,GET,106800,5
2021/08/08 15:16:51,GET,106900,4
2021/08/08 15:16:53,GET,107000,4
2021/08/08 15:16:55,GET,107100,3
2021/08/08 15:16:57,GET,107200,5
2021/08/08 15:16:59,GET,107300,3
2021/08/08 15:17:00,GET,107400,4
2021/08/08 15:17:02,GET,107500,3
2021/08/08 15:17:04,GET,107600,4
2021/08/08 15:17:06,GET,107700,5
2021/08/08 15:17:08,GET,107800,3
2021/08/08 15:17:10,GET,107900,3
2021/08/08 15:17:12,GET,108000,3
2021/08/08 15:17:14,GET,108100,3
2021/08/08 15:17:16,GET,108200,4
2021/08/08 15:17:18,GET,108300,4
2021/08/08 15:17:20,GET,108400,4
2021/08/08 15:17:22,GET,108500,4
2021/08/08 15:17:24,GET,108600,6
2021/08/08 15:17:26,GET,108700,5
2021/08/08 15:17:28,GET,108800,6
2021/08/08 15:17:31,GET,108900,3
2021/08/08 15:17:33,GET,109000,4
2021/08/08 15:17:35,GET,109100,5
2021/08/08 15:17:37,GET,109200,4
2021/08/08 15:17:38,GET,109300,4
2021/08/08 15:17:40,GET,109400,7
2021/08/08 15:17:42,GET,109500,4
2021/08/08 15:17:44,GET,109600,5
2021/08/08 15:17:46,GET,109700,4
2021/08/08 15:17:48,GET,109800,4
2021/08/08 15:17:50,GET,109900,3
2021/08/08 15:17:52,GET,110000,3
2021/08/08 15:17:54,GET,110100,4
2021/08/08 15:17:56,GET,110200,5
2021/08/08 15:17:58,GET,110300,4
2021/08/08 15:18:00,GET,110400,4
2021/08/08 15:18:02,GET,110500,4
2021/08/08 15:18:04,GET,110600,4
2021/08/08 15:18:06,GET,110700,5
2021/08/08 15:18:08,GET,110800,4
2021/08/08 15:18:10,GET,110900,4
2021/08/08 15:18:12,GET,111000,4
2021/08/08 15:18:13,GET,111100,4
2021/08/08 15:18:15,GET,111200,3
2021/08/08 15:18:17,GET,111300,4
2021/08/08 15:18:20,GET,111400,4
2021/08/08 15:18:22,GET,111500,4
2021/08/08 15:18:24,GET,111600,4
2021/08/08 15:18:25,GET,111700,3
2021/08/08 15:18:28,GET,111800,4
2021/08/08 15:18:29,GET,111900,3
2021/08/08 15:18:31,GET,112000,3
2021/08/08 15:18:33,GET,112100,4
2021/08/08 15:18:35,GET,112200,4
2021/08/08 15:18:37,GET,112300,4
2021/08/08 15:18:39,GET,112400,4
2021/08/08 15:18:41,GET,112500,4
2021/08/08 15:18:43,GET,112600,4
2021/08/08 15:18:45,GET,112700,3
2021/08/08 15:18:47,GET,112800,4
2021/08/08 15:18:49,GET,112900,4
2021/08/08 15:18:51,GET,113000,4
2021/08/08 15:18:53,GET,113100,4
2021/08/08 15:18:55,GET,113200,5
2021/08/08 15:18:57,GET,113300,6
2021/08/08 15:18:59,GET,113400,4
2021/08/08 15:19:01,GET,113500,3
2021/08/08 15:19:03,GET,113600,3
2021/08/08 15:19:05,GET,113700,3
2021/08/08 15:19:07,GET,113800,4
2021/08/08 15:19:09,GET,113900,4
2021/08/08 15:19:11,GET,114000,5
2021/08/08 15:19:13,GET,114100,4
2021/08/08 15:19:15,GET,114200,5
2021/08/08 15:19:17,GET,114300,3
2021/08/08 15:19:19,GET,114400,4
2021/08/08 15:19:21,GET,114500,4
2021/08/08 15:19:23,GET,114600,4
2021/08/08 15:19:25,GET,114700,4
2021/08/08 15:19:27,GET,114800,3
2021/08/08 15:19:29,GET,114900,4
2021/08/08 15:19:30,GET,115000,3
2021/08/08 15:19:32,GET,115100,5
2021/08/08 15:19:34,GET,115200,3
2021/08/08 15:19:37,GET,115300,4
2021/08/08 15:19:39,GET,115400,4
2021/08/08 15:19:42,GET,115500,4
2021/08/08 15:19:44,GET,115600,4
2021/08/08 15:19:46,GET,115700,4
2021/08/08 15:19:48,GET,115800,4
2021/08/08 15:19:50,GET,115900,3
2021/08/08 15:19:53,GET,116000,8
2021/08/08 15:19:55,GET,116100,4
2021/08/08 15:19:57,GET,116200,4
2021/08/08 15:19:59,GET,116300,5
2021/08/08 15:20:01,GET,116400,5
2021/08/08 15:20:03,GET,116500,3
2021/08/08 15:20:05,GET,116600,4
2021/08/08 15:20:07,GET,116700,7
2021/08/08 15:20:09,GET,116800,4
2021/08/08 15:20:11,GET,116900,4
2021/08/08 15:20:13,GET,117000,3
2021/08/08 15:20:15,GET,117100,3
2021/08/08 15:20:17,GET,117200,4
2021/08/08 15:20:19,GET,117300,4
2021/08/08 15:20:20,GET,117400,3
2021/08/08 15:20:22,GET,117500,5
2021/08/08 15:20:25,GET,117600,5
2021/08/08 15:20:27,GET,117700,4
2021/08/08 15:20:29,GET,117800,5
2021/08/08 15:20:31,GET,117900,4
2021/08/08 15:20:33,GET,118000,4
2021/08/08 15:20:35,GET,118100,4
2021/08/08 15:20:37,GET,118200,5
2021/08/08 15:20:39,GET,118300,4
2021/08/08 15:20:41,GET,118400,6
2021/08/08 15:20:43,GET,118500,3
2021/08/08 15:20:45,GET,118600,3
2021/08/08 15:20:47,GET,118700,4
2021/08/08 15:20:49,GET,118800,5
2021/08/08 15:20:51,GET,118900,5
2021/08/08 15:20:54,GET,119000,4
2021/08/08 15:20:56,GET,119100,4
2021/08/08 15:20:58,GET,119200,5
2021/08/08 15:21:00,GET,119300,4
2021/08/08 15:21:02,GET,119400,57
2021/08/08 15:21:05,GET,119500,3
2021/08/08 15:21:06,GET,119600,4
2021/08/08 15:21:09,GET,119700,3
2021/08/08 15:21:10,GET,119800,4
2021/08/08 15:21:12,GET,119900,5
2021/08/08 15:21:14,GET,120000,3
2021/08/08 15:21:20,GET,120100,3
2021/08/08 15:21:23,GET,120200,4
2021/08/08 15:21:25,GET,120300,3
2021/08/08 15:21:27,GET,120400,3
2021/08/08 15:21:29,GET,120500,3
2021/08/08 15:21:31,GET,120600,3
2021/08/08 15:21:34,GET,120700,5
2021/08/08 15:21:36,GET,120800,3
2021/08/08 15:21:38,GET,120900,4
2021/08/08 15:21:40,GET,121000,3
2021/08/08 15:21:41,GET,121100,5
2021/08/08 15:21:44,GET,121200,4
2021/08/08 15:21:45,GET,121300,4
2021/08/08 15:21:47,GET,121400,5
2021/08/08 15:21:49,GET,121500,4
2021/08/08 15:21:51,GET,121600,5
2021/08/08 15:21:54,GET,121700,2
2021/08/08 15:21:55,GET,121800,4
2021/08/08 15:21:57,GET,121900,4
2021/08/08 15:21:59,GET,122000,5
2021/08/08 15:22:01,GET,122100,4
2021/08/08 15:22:03,GET,122200,4
2021/08/08 15:22:05,GET,122300,5
2021/08/08 15:22:07,GET,122400,3
2021/08/08 15:22:09,GET,122500,4
2021/08/08 15:22:11,GET,122600,4
2021/08/08 15:22:13,GET,122700,4
2021/08/08 15:22:15,GET,122800,4
2021/08/08 15:22:17,GET,122900,7
2021/08/08 15:22:19,GET,123000,6
2021/08/08 15:22:21,GET,123100,4
2021/08/08 15:22:23,GET,123200,4
2021/08/08 15:22:25,GET,123300,3
2021/08/08 15:22:27,GET,123400,4
2021/08/08 15:22:29,GET,123500,5
2021/08/08 15:22:32,GET,123600,5
2021/08/08 15:22:34,GET,123700,9
2021/08/08 15:22:36,GET,123800,4
2021/08/08 15:22:38,GET,123900,5
2021/08/08 15:22:40,GET,124000,4
2021/08/08 15:22:42,GET,124100,5
2021/08/08 15:22:44,GET,124200,4
2021/08/08 15:22:46,GET,124300,4
2021/08/08 15:22:48,GET,124400,4
2021/08/08 15:22:50,GET,124500,4
2021/08/08 15:22:52,GET,124600,5
2021/08/08 15:22:55,GET,124700,5
2021/08/08 15:22:57,GET,124800,4
2021/08/08 15:22:59,GET,124900,5
2021/08/08 15:23:01,GET,125000,3
2021/08/08 15:23:03,GET,125100,4
2021/08/08 15:23:05,GET,125200,7
2021/08/08 15:23:07,GET,125300,4
2021/08/08 15:23:09,GET,125400,8
2021/08/08 15:23:11,GET,125500,3
2021/08/08 15:23:13,GET,125600,20
2021/08/08 15:23:15,GET,125700,3
2021/08/08 15:23:17,GET,125800,4
2021/08/08 15:23:19,GET,125900,4
2021/08/08 15:23:21,GET,126000,4
2021/08/08 15:23:23,GET,126100,4
2021/08/08 15:23:25,GET,126200,4
2021/08/08 15:23:27,GET,126300,4
2021/08/08 15:23:29,GET,126400,4
2021/08/08 15:23:31,GET,126500,5
2021/08/08 15:23:34,GET,126600,4
2021/08/08 15:23:36,GET,126700,4
2021/08/08 15:23:38,GET,126800,4
2021/08/08 15:23:40,GET,126900,4
2021/08/08 15:23:42,GET,127000,3
2021/08/08 15:23:44,GET,127100,3
2021/08/08 15:23:46,GET,127200,6
2021/08/08 15:23:48,GET,127300,5
2021/08/08 15:23:50,GET,127400,5
2021/08/08 15:23:52,GET,127500,4
2021/08/08 15:23:56,GET,127600,5
2021/08/08 15:23:59,GET,127700,4
2021/08/08 15:24:01,GET,127800,3
2021/08/08 15:24:03,GET,127900,4
2021/08/08 15:24:06,GET,128000,3
2021/08/08 15:24:08,GET,128100,4
2021/08/08 15:24:10,GET,128200,4
2021/08/08 15:24:12,GET,128300,5
2021/08/08 15:24:14,GET,128400,4
2021/08/08 15:24:16,GET,128500,4
2021/08/08 15:24:18,GET,128600,5
2021/08/08 15:24:21,GET,128700,4
2021/08/08 15:24:23,GET,128800,4
2021/08/08 15:24:25,GET,128900,4
2021/08/08 15:24:27,GET,129000,7
2021/08/08 15:24:29,GET,129100,5
2021/08/08 15:24:31,GET,129200,4
2021/08/08 15:24:34,GET,129300,6
2021/08/08 15:24:36,GET,129400,6
2021/08/08 15:24:38,GET,129500,6
2021/08/08 15:24:40,GET,129600,4
2021/08/08 15:24:42,GET,129700,4
2021/08/08 15:24:44,GET,129800,4
2021/08/08 15:24:47,GET,129900,5
2021/08/08 15:24:49,GET,130000,4
2021/08/08 15:24:51,GET,130100,5
2021/08/08 15:24:53,GET,130200,5
2021/08/08 15:24:55,GET,130300,4
2021/08/08 15:24:58,GET,130400,5
2021/08/08 15:25:00,GET,130500,6
2021/08/08 15:25:02,GET,130600,4
2021/08/08 15:25:04,GET,130700,5
2021/08/08 15:25:07,GET,130800,5
2021/08/08 15:25:09,GET,130900,4
2021/08/08 15:25:11,GET,131000,6
2021/08/08 15:25:13,GET,131100,4
2021/08/08 15:25:15,GET,131200,4
2021/08/08 15:25:17,GET,131300,6
2021/08/08 15:25:19,GET,131400,4
2021/08/08 15:25:21,GET,131500,3
2021/08/08 15:25:23,GET,131600,3
2021/08/08 15:25:25,GET,131700,4
2021/08/08 15:25:27,GET,131800,5
2021/08/08 15:25:29,GET,131900,4
2021/08/08 15:25:31,GET,132000,3
2021/08/08 15:25:33,GET,132100,3
2021/08/08 15:25:35,GET,132200,5
2021/08/08 15:25:37,GET,132300,5
2021/08/08 15:25:39,GET,132400,4
2021/08/08 15:25:41,GET,132500,4
2021/08/08 15:25:43,GET,132600,5
2021/08/08 15:25:45,GET,132700,5
2021/08/08 15:25:47,GET,132800,5
2021/08/08 15:25:49,GET,132900,6
2021/08/08 15:25:52,GET,133000,5
2021/08/08 15:25:54,GET,133100,4
2021/08/08 15:25:56,GET,133200,4
2021/08/08 15:25:58,GET,133300,4
2021/08/08 15:26:00,GET,133400,5
2021/08/08 15:26:02,GET,133500,4
2021/08/08 15:26:05,GET,133600,5
2021/08/08 15:26:07,GET,133700,3
2021/08/08 15:26:09,GET,133800,6
2021/08/08 15:26:11,GET,133900,4
2021/08/08 15:26:13,GET,134000,4
2021/08/08 15:26:15,GET,134100,7
2021/08/08 15:26:17,GET,134200,3
2021/08/08 15:26:19,GET,134300,4
2021/08/08 15:26:24,GET,134400,4
2021/08/08 15:26:30,GET,134500,4
2021/08/08 15:26:32,GET,134600,4
2021/08/08 15:26:34,GET,134700,4
2021/08/08 15:26:37,GET,134800,4
2021/08/08 15:26:39,GET,134900,3
2021/08/08 15:26:41,GET,135000,4
2021/08/08 15:26:43,GET,135100,4
2021/08/08 15:26:45,GET,135200,4
2021/08/08 15:26:47,GET,135300,4
2021/08/08 15:26:49,GET,135400,4
2021/08/08 15:26:51,GET,135500,4
2021/08/08 15:26:53,GET,135600,4
2021/08/08 15:26:55,GET,135700,5
2021/08/08 15:26:57,GET,135800,4
2021/08/08 15:26:59,GET,135900,4
2021/08/08 15:27:01,GET,136000,3
2021/08/08 15:27:03,GET,136100,4
2021/08/08 15:27:05,GET,136200,3
2021/08/08 15:27:07,GET,136300,4
2021/08/08 15:27:09,GET,136400,4
2021/08/08 15:27:10,GET,136500,4
2021/08/08 15:27:12,GET,136600,3
2021/08/08 15:27:14,GET,136700,4
2021/08/08 15:27:16,GET,136800,4
2021/08/08 15:27:18,GET,136900,4
2021/08/08 15:27:20,GET,137000,5
2021/08/08 15:27:22,GET,137100,4
2021/08/08 15:27:25,GET,137200,6
2021/08/08 15:27:27,GET,137300,4
2021/08/08 15:27:29,GET,137400,5
2021/08/08 15:27:31,GET,137500,4
2021/08/08 15:27:33,GET,137600,5
2021/08/08 15:27:35,GET,137700,5
2021/08/08 15:27:38,GET,137800,4
2021/08/08 15:27:40,GET,137900,4
2021/08/08 15:27:42,GET,138000,4
2021/08/08 15:27:44,GET,138100,3
2021/08/08 15:27:46,GET,138200,4
2021/08/08 15:27:48,GET,138300,3
2021/08/08 15:27:50,GET,138400,4
2021/08/08 15:27:52,GET,138500,4
2021/08/08 15:27:54,GET,138600,4
2021/08/08 15:27:56,GET,138700,4
2021/08/08 15:27:58,GET,138800,4
2021/08/08 15:28:00,GET,138900,3
2021/08/08 15:28:02,GET,139000,4
2021/08/08 15:28:04,GET,139100,4
2021/08/08 15:28:06,GET,139200,4
2021/08/08 15:28:08,GET,139300,4
2021/08/08 15:28:10,GET,139400,3
2021/08/08 15:28:12,GET,139500,4
2021/08/08 15:28:14,GET,139600,4
2021/08/08 15:28:16,GET,139700,4
2021/08/08 15:28:18,GET,139800,4
2021/08/08 15:28:20,GET,139900,4
2021/08/08 15:28:22,GET,140000,3
2021/08/08 15:28:24,GET,140100,4
2021/08/08 15:28:26,GET,140200,3
2021/08/08 15:28:28,GET,140300,4
2021/08/08 15:28:29,GET,140400,4
2021/08/08 15:28:31,GET,140500,5
2021/08/08 15:28:34,GET,140600,4
2021/08/08 15:28:36,GET,140700,5
2021/08/08 15:28:37,GET,140800,3
2021/08/08 15:28:39,GET,140900,3
2021/08/08 15:28:41,GET,141000,3
2021/08/08 15:28:43,GET,141100,4
2021/08/08 15:28:45,GET,141200,4
2021/08/08 15:28:47,GET,141300,4
2021/08/08 15:28:49,GET,141400,4
2021/08/08 15:28:51,GET,141500,4
2021/08/08 15:28:53,GET,141600,5
2021/08/08 15:28:55,GET,141700,4
2021/08/08 15:28:57,GET,141800,4
2021/08/08 15:28:59,GET,141900,4
2021/08/08 15:29:01,GET,142000,5
2021/08/08 15:29:03,GET,142100,4
2021/08/08 15:29:05,GET,142200,4
2021/08/08 15:29:07,GET,142300,4
2021/08/08 15:29:09,GET,142400,4
2021/08/08 15:29:11,GET,142500,4
2021/08/08 15:29:13,GET,142600,4
2021/08/08 15:29:15,GET,142700,4
2021/08/08 15:29:17,GET,142800,4
2021/08/08 15:29:19,GET,142900,4
2021/08/08 15:29:21,GET,143000,4
2021/08/08 15:29:23,GET,143100,5
2021/08/08 15:29:25,GET,143200,3
2021/08/08 15:29:27,GET,143300,4
2021/08/08 15:29:29,GET,143400,3
2021/08/08 15:29:31,GET,143500,4
2021/08/08 15:29:33,GET,143600,4
2021/08/08 15:29:35,GET,143700,4
2021/08/08 15:29:37,GET,143800,5
2021/08/08 15:29:39,GET,143900,4
2021/08/08 15:29:41,GET,144000,4
2021/08/08 15:29:43,GET,144100,4
2021/08/08 15:29:45,GET,144200,4
2021/08/08 15:29:47,GET,144300,4
2021/08/08 15:29:49,GET,144400,4
2021/08/08 15:29:52,GET,144500,5
2021/08/08 15:29:56,GET,144600,6
2021/08/08 15:29:58,GET,144700,5
2021/08/08 15:30:01,GET,144800,6
2021/08/08 15:30:03,GET,144900,3
2021/08/08 15:30:05,GET,145000,3
2021/08/08 15:30:07,GET,145100,3
2021/08/08 15:30:09,GET,145200,4
2021/08/08 15:30:11,GET,145300,4
2021/08/08 15:30:13,GET,145400,5
2021/08/08 15:30:15,GET,145500,4
2021/08/08 15:30:17,GET,145600,4
2021/08/08 15:30:19,GET,145700,3
2021/08/08 15:30:21,GET,145800,4
2021/08/08 15:30:22,GET,145900,3
2021/08/08 15:30:24,GET,146000,4
2021/08/08 15:30:27,GET,146100,4
2021/08/08 15:30:29,GET,146200,5
2021/08/08 15:30:30,GET,146300,5
2021/08/08 15:30:32,GET,146400,4
2021/08/08 15:30:34,GET,146500,4
2021/08/08 15:30:36,GET,146600,4
2021/08/08 15:30:38,GET,146700,4
2021/08/08 15:30:40,GET,146800,4
2021/08/08 15:30:42,GET,146900,3
2021/08/08 15:30:44,GET,147000,4
2021/08/08 15:30:46,GET,147100,5
2021/08/08 15:30:48,GET,147200,3
2021/08/08 15:30:50,GET,147300,4
2021/08/08 15:30:52,GET,147400,4
2021/08/08 15:30:54,GET,147500,4
2021/08/08 15:30:57,GET,147600,4
2021/08/08 15:30:59,GET,147700,4
2021/08/08 15:31:01,GET,147800,4
2021/08/08 15:31:03,GET,147900,5
2021/08/08 15:31:05,GET,148000,4
2021/08/08 15:31:07,GET,148100,4
2021/08/08 15:31:09,GET,148200,4
2021/08/08 15:31:11,GET,148300,3
2021/08/08 15:31:13,GET,148400,4
2021/08/08 15:31:15,GET,148500,3
2021/08/08 15:31:17,GET,148600,4
2021/08/08 15:31:19,GET,148700,3
2021/08/08 15:31:21,GET,148800,4
2021/08/08 15:31:22,GET,148900,4
2021/08/08 15:31:27,GET,149000,7
2021/08/08 15:31:31,GET,149100,4
2021/08/08 15:31:33,GET,149200,3
2021/08/08 15:31:35,GET,149300,3
2021/08/08 15:31:37,GET,149400,4
2021/08/08 15:31:39,GET,149500,31
2021/08/08 15:31:41,GET,149600,5
2021/08/08 15:31:43,GET,149700,3
2021/08/08 15:31:46,GET,149800,3
2021/08/08 15:31:48,GET,149900,3
2021/08/08 15:31:50,GET,150000,4
2021/08/08 15:31:52,GET,150100,4
2021/08/08 15:31:54,GET,150200,4
2021/08/08 15:31:56,GET,150300,3
2021/08/08 15:31:58,GET,150400,5
2021/08/08 15:32:00,GET,150500,5
2021/08/08 15:32:02,GET,150600,4
2021/08/08 15:32:04,GET,150700,3
2021/08/08 15:32:06,GET,150800,5
2021/08/08 15:32:08,GET,150900,5
2021/08/08 15:32:10,GET,151000,3
2021/08/08 15:32:12,GET,151100,3
2021/08/08 15:32:14,GET,151200,5
2021/08/08 15:32:16,GET,151300,4
2021/08/08 15:32:18,GET,151400,3
2021/08/08 15:32:19,GET,151500,4
2021/08/08 15:32:21,GET,151600,3
2021/08/08 15:32:23,GET,151700,3
2021/08/08 15:32:25,GET,151800,5
2021/08/08 15:32:27,GET,151900,4
2021/08/08 15:32:29,GET,152000,4
2021/08/08 15:32:31,GET,152100,5
2021/08/08 15:32:33,GET,152200,4
2021/08/08 15:32:35,GET,152300,4
2021/08/08 15:32:37,GET,152400,4
2021/08/08 15:32:39,GET,152500,4
2021/08/08 15:32:41,GET,152600,4
2021/08/08 15:32:43,GET,152700,4
2021/08/08 15:32:45,GET,152800,5
2021/08/08 15:32:47,GET,152900,5
2021/08/08 15:32:49,GET,153000,4
2021/08/08 15:32:51,GET,153100,4
2021/08/08 15:32:53,GET,153200,4
2021/08/08 15:32:55,GET,153300,5
2021/08/08 15:32:57,GET,153400,4
2021/08/08 15:32:59,GET,153500,3
2021/08/08 15:33:01,GET,153600,5
2021/08/08 15:33:03,GET,153700,4
2021/08/08 15:33:05,GET,153800,5
2021/08/08 15:33:07,GET,153900,4
2021/08/08 15:33:09,GET,154000,3
2021/08/08 15:33:11,GET,154100,3
2021/08/08 15:33:13,GET,154200,5
2021/08/08 15:33:15,GET,154300,3
2021/08/08 15:33:17,GET,154400,4
2021/08/08 15:33:19,GET,154500,4
2021/08/08 15:33:21,GET,154600,4
2021/08/08 15:33:23,GET,154700,5
2021/08/08 15:33:25,GET,154800,3
2021/08/08 15:33:27,GET,154900,4
2021/08/08 15:33:29,GET,155000,5
2021/08/08 15:33:31,GET,155100,4
2021/08/08 15:33:33,GET,155200,3
2021/08/08 15:33:35,GET,155300,3
2021/08/08 15:33:37,GET,155400,4
2021/08/08 15:33:38,GET,155500,7
2021/08/08 15:33:41,GET,155600,4
2021/08/08 15:33:42,GET,155700,4
2021/08/08 15:33:44,GET,155800,4
2021/08/08 15:33:46,GET,155900,5
2021/08/08 15:33:48,GET,156000,4
2021/08/08 15:33:50,GET,156100,5
2021/08/08 15:33:53,GET,156200,3
2021/08/08 15:33:54,GET,156300,5
2021/08/08 15:33:57,GET,156400,5
2021/08/08 15:33:59,GET,156500,4
2021/08/08 15:34:01,GET,156600,3
2021/08/08 15:34:02,GET,156700,3
2021/08/08 15:34:05,GET,156800,5
2021/08/08 15:34:07,GET,156900,4
2021/08/08 15:34:09,GET,157000,4
2021/08/08 15:34:10,GET,157100,4
2021/08/08 15:34:12,GET,157200,4
2021/08/08 15:34:14,GET,157300,4
2021/08/08 15:34:16,GET,157400,4
2021/08/08 15:34:18,GET,157500,4
2021/08/08 15:34:20,GET,157600,4
2021/08/08 15:34:22,GET,157700,4
2021/08/08 15:34:24,GET,157800,4
2021/08/08 15:34:26,GET,157900,3
2021/08/08 15:34:28,GET,158000,4
2021/08/08 15:34:30,GET,158100,6
2021/08/08 15:34:32,GET,158200,4
2021/08/08 15:34:34,GET,158300,4
2021/08/08 15:34:36,GET,158400,4
2021/08/08 15:34:38,GET,158500,4
2021/08/08 15:34:40,GET,158600,3
2021/08/08 15:34:42,GET,158700,4
2021/08/08 15:34:44,GET,158800,3
2021/08/08 15:34:46,GET,158900,4
2021/08/08 15:34:48,GET,159000,3
2021/08/08 15:34:50,GET,159100,3
2021/08/08 15:34:52,GET,159200,4
2021/08/08 15:34:54,GET,159300,4
2021/08/08 15:34:58,GET,159400,3
2021/08/08 15:35:00,GET,159500,4
2021/08/08 15:35:02,GET,159600,3
2021/08/08 15:35:04,GET,159700,4
2021/08/08 15:35:06,GET,159800,4
2021/08/08 15:35:08,GET,159900,4
2021/08/08 15:35:10,GET,160000,4
2021/08/08 15:35:12,GET,160100,4
2021/08/08 15:35:14,GET,160200,4
2021/08/08 15:35:16,GET,160300,4
2021/08/08 15:35:18,GET,160400,3
2021/08/08 15:35:20,GET,160500,4
2021/08/08 15:35:23,GET,160600,4
2021/08/08 15:35:24,GET,160700,3
2021/08/08 15:35:26,GET,160800,4
2021/08/08 15:35:28,GET,160900,4
2021/08/08 15:35:30,GET,161000,5
2021/08/08 15:35:32,GET,161100,5
2021/08/08 15:35:34,GET,161200,4
2021/08/08 15:35:36,GET,161300,4
2021/08/08 15:35:38,GET,161400,4
2021/08/08 15:35:40,GET,161500,4
2021/08/08 15:35:42,GET,161600,4
2021/08/08 15:35:44,GET,161700,3
2021/08/08 15:35:46,GET,161800,3
2021/08/08 15:35:48,GET,161900,5
2021/08/08 15:35:50,GET,162000,4
2021/08/08 15:35:52,GET,162100,4
2021/08/08 15:35:54,GET,162200,4
2021/08/08 15:35:56,GET,162300,7
2021/08/08 15:35:58,GET,162400,6
2021/08/08 15:36:00,GET,162500,5
2021/08/08 15:36:02,GET,162600,3
2021/08/08 15:36:04,GET,162700,3
2021/08/08 15:36:06,GET,162800,4
2021/08/08 15:36:08,GET,162900,4
2021/08/08 15:36:10,GET,163000,4
2021/08/08 15:36:12,GET,163100,4
2021/08/08 15:36:14,GET,163200,4
2021/08/08 15:36:16,GET,163300,3
2021/08/08 15:36:18,GET,163400,4
2021/08/08 15:36:20,GET,163500,3
2021/08/08 15:36:22,GET,163600,4
2021/08/08 15:36:25,GET,163700,4
2021/08/08 15:36:29,GET,163800,5
2021/08/08 15:36:31,GET,163900,4
2021/08/08 15:36:34,GET,164000,3
2021/08/08 15:36:36,GET,164100,7
2021/08/08 15:36:38,GET,164200,4
2021/08/08 15:36:40,GET,164300,4
2021/08/08 15:36:42,GET,164400,3
2021/08/08 15:36:44,GET,164500,4
2021/08/08 15:36:45,GET,164600,3
2021/08/08 15:36:47,GET,164700,4
2021/08/08 15:36:49,GET,164800,4
2021/08/08 15:36:53,GET,164900,6
2021/08/08 15:36:55,GET,165000,4
2021/08/08 15:36:57,GET,165100,4
2021/08/08 15:36:59,GET,165200,3
2021/08/08 15:37:01,GET,165300,4
2021/08/08 15:37:03,GET,165400,4
2021/08/08 15:37:06,GET,165500,4
2021/08/08 15:37:08,GET,165600,4
2021/08/08 15:37:10,GET,165700,5
2021/08/08 15:37:12,GET,165800,4
2021/08/08 15:37:14,GET,165900,4
2021/08/08 15:37:16,GET,166000,3
2021/08/08 15:37:17,GET,166100,4
2021/08/08 15:37:19,GET,166200,4
2021/08/08 15:37:21,GET,166300,4
2021/08/08 15:37:23,GET,166400,4
2021/08/08 15:37:25,GET,166500,4
2021/08/08 15:37:27,GET,166600,3
2021/08/08 15:37:29,GET,166700,5
2021/08/08 15:37:31,GET,166800,4
2021/08/08 15:37:33,GET,166900,4
2021/08/08 15:37:35,GET,167000,3
2021/08/08 15:37:37,GET,167100,4
2021/08/08 15:37:39,GET,167200,4
2021/08/08 15:37:41,GET,167300,3
2021/08/08 15:37:42,GET,167400,5
2021/08/08 15:37:45,GET,167500,4
2021/08/08 15:37:46,GET,167600,4
2021/08/08 15:37:48,GET,167700,4
2021/08/08 15:37:51,GET,167800,6
2021/08/08 15:37:53,GET,167900,4
2021/08/08 15:37:55,GET,168000,4
2021/08/08 15:37:57,GET,168100,3
2021/08/08 15:37:59,GET,168200,3
2021/08/08 15:38:02,GET,168300,4
2021/08/08 15:38:04,GET,168400,4
2021/08/08 15:38:06,GET,168500,5
2021/08/08 15:38:07,GET,168600,3
2021/08/08 15:38:09,GET,168700,4
2021/08/08 15:38:11,GET,168800,4
2021/08/08 15:38:13,GET,168900,4
2021/08/08 15:38:15,GET,169000,4
2021/08/08 15:38:17,GET,169100,5
2021/08/08 15:38:19,GET,169200,3
2021/08/08 15:38:21,GET,169300,4
2021/08/08 15:38:23,GET,169400,5
2021/08/08 15:38:25,GET,169500,4
2021/08/08 15:38:27,GET,169600,10
2021/08/08 15:38:29,GET,169700,4
2021/08/08 15:38:31,GET,169800,4
2021/08/08 15:38:33,GET,169900,4
2021/08/08 15:38:35,GET,170000,4
2021/08/08 15:38:37,GET,170100,3
2021/08/08 15:38:39,GET,170200,5
2021/08/08 15:38:41,GET,170300,4
2021/08/08 15:38:43,GET,170400,4
2021/08/08 15:38:45,GET,170500,5
2021/08/08 15:38:46,GET,170600,5
2021/08/08 15:38:48,GET,170700,3
2021/08/08 15:38:51,GET,170800,5
2021/08/08 15:38:53,GET,170900,5
2021/08/08 15:38:55,GET,171000,4
2021/08/08 15:38:57,GET,171100,4
2021/08/08 15:38:59,GET,171200,4
2021/08/08 15:39:01,GET,171300,4
2021/08/08 15:39:03,GET,171400,4
2021/08/08 15:39:05,GET,171500,4
2021/08/08 15:39:07,GET,171600,4
2021/08/08 15:39:09,GET,171700,4
2021/08/08 15:39:11,GET,171800,3
2021/08/08 15:39:13,GET,171900,3
2021/08/08 15:39:15,GET,172000,3
2021/08/08 15:39:17,GET,172100,4
2021/08/08 15:39:19,GET,172200,4
2021/08/08 15:39:21,GET,172300,4
2021/08/08 15:39:23,GET,172400,4
2021/08/08 15:39:25,GET,172500,4
2021/08/08 15:39:27,GET,172600,5
2021/08/08 15:39:29,GET,172700,4
2021/08/08 15:39:31,GET,172800,5
2021/08/08 15:39:33,GET,172900,4
2021/08/08 15:39:35,GET,173000,3
2021/08/08 15:39:37,GET,173100,4
2021/08/08 15:39:39,GET,173200,3
2021/08/08 15:39:42,GET,173300,4
2021/08/08 15:39:44,GET,173400,4
2021/08/08 15:39:46,GET,173500,4
2021/08/08 15:39:48,GET,173600,3
2021/08/08 15:39:50,GET,173700,4
2021/08/08 15:39:52,GET,173800,4
2021/08/08 15:39:55,GET,173900,5
2021/08/08 15:39:57,GET,174000,4
2021/08/08 15:40:00,GET,174100,6
2021/08/08 15:40:02,GET,174200,5
2021/08/08 15:40:04,GET,174300,12
2021/08/08 15:40:07,GET,174400,5
2021/08/08 15:40:09,GET,174500,5
2021/08/08 15:40:11,GET,174600,6
2021/08/08 15:40:14,GET,174700,5
2021/08/08 15:40:16,GET,174800,5
2021/08/08 15:40:18,GET,174900,4
2021/08/08 15:40:20,GET,175000,4
2021/08/08 15:40:23,GET,175100,4
2021/08/08 15:40:25,GET,175200,4
2021/08/08 15:40:27,GET,175300,4
2021/08/08 15:40:29,GET,175400,4
2021/08/08 15:40:31,GET,175500,4
2021/08/08 15:40:33,GET,175600,4
2021/08/08 15:40:35,GET,175700,5
2021/08/08 15:40:37,GET,175800,5
2021/08/08 15:40:39,GET,175900,5
2021/08/08 15:40:42,GET,176000,5
2021/08/08 15:40:44,GET,176100,4
2021/08/08 15:40:46,GET,176200,4
2021/08/08 15:40:48,GET,176300,4
2021/08/08 15:40:50,GET,176400,4
2021/08/08 15:40:52,GET,176500,6
2021/08/08 15:40:54,GET,176600,3
2021/08/08 15:40:56,GET,176700,4
2021/08/08 15:40:58,GET,176800,3
2021/08/08 15:41:00,GET,176900,5
2021/08/08 15:41:02,GET,177000,4
2021/08/08 15:41:04,GET,177100,4
2021/08/08 15:41:06,GET,177200,5
2021/08/08 15:41:09,GET,177300,3
2021/08/08 15:41:11,GET,177400,4
2021/08/08 15:41:13,GET,177500,4
2021/08/08 15:41:15,GET,177600,4
2021/08/08 15:41:17,GET,177700,5
2021/08/08 15:41:20,GET,177800,5
2021/08/08 15:41:22,GET,177900,3
2021/08/08 15:41:24,GET,178000,4
2021/08/08 15:41:26,GET,178100,4
2021/08/08 15:41:34,GET,178200,4
2021/08/08 15:41:36,GET,178300,4
2021/08/08 15:41:38,GET,178400,4
2021/08/08 15:41:41,GET,178500,4
2021/08/08 15:41:42,GET,178600,3
2021/08/08 15:41:45,GET,178700,4
2021/08/08 15:41:47,GET,178800,3
2021/08/08 15:41:49,GET,178900,4
2021/08/08 15:41:51,GET,179000,3
2021/08/08 15:41:53,GET,179100,5
2021/08/08 15:41:55,GET,179200,5
2021/08/08 15:41:57,GET,179300,4
2021/08/08 15:41:59,GET,179400,4
2021/08/08 15:42:01,GET,179500,5
2021/08/08 15:42:03,GET,179600,4
2021/08/08 15:42:05,GET,179700,6
2021/08/08 15:42:07,GET,179800,4
2021/08/08 15:42:09,GET,179900,6
2021/08/08 15:42:11,GET,180000,2
2021/08/08 15:42:13,GET,180100,4
2021/08/08 15:42:14,GET,180200,4
2021/08/08 15:42:16,GET,180300,4
2021/08/08 15:42:18,GET,180400,4
2021/08/08 15:42:20,GET,180500,4
2021/08/08 15:42:22,GET,180600,5
2021/08/08 15:42:24,GET,180700,4
2021/08/08 15:42:26,GET,180800,4
2021/08/08 15:42:28,GET,180900,4
2021/08/08 15:42:30,GET,181000,5
2021/08/08 15:42:32,GET,181100,4
2021/08/08 15:42:34,GET,181200,4
2021/08/08 15:42:37,GET,181300,3
2021/08/08 15:42:38,GET,181400,5
2021/08/08 15:42:41,GET,181500,4
2021/08/08 15:42:42,GET,181600,5
2021/08/08 15:42:44,GET,181700,4
2021/08/08 15:42:46,GET,181800,6
2021/08/08 15:42:48,GET,181900,3
2021/08/08 15:42:50,GET,182000,4
2021/08/08 15:42:52,GET,182100,4
2021/08/08 15:42:54,GET,182200,4
2021/08/08 15:42:56,GET,182300,4
2021/08/08 15:42:58,GET,182400,4
2021/08/08 15:43:00,GET,182500,4
2021/08/08 15:43:02,GET,182600,5
2021/08/08 15:43:04,GET,182700,4
2021/08/08 15:43:06,GET,182800,4
2021/08/08 15:43:08,GET,182900,5
2021/08/08 15:43:10,GET,183000,4
2021/08/08 15:43:12,GET,183100,5
2021/08/08 15:43:14,GET,183200,3
2021/08/08 15:43:16,GET,183300,5
2021/08/08 15:43:18,GET,183400,4
2021/08/08 15:43:20,GET,183500,3
2021/08/08 15:43:22,GET,183600,4
2021/08/08 15:43:24,GET,183700,3
2021/08/08 15:43:26,GET,183800,4
2021/08/08 15:43:28,GET,183900,4
2021/08/08 15:43:30,GET,184000,3
2021/08/08 15:43:32,GET,184100,4
2021/08/08 15:43:34,GET,184200,4
2021/08/08 15:43:36,GET,184300,4
2021/08/08 15:43:38,GET,184400,4
2021/08/08 15:43:40,GET,184500,4
2021/08/08 15:43:41,GET,184600,4
2021/08/08 15:43:43,GET,184700,4
2021/08/08 15:43:45,GET,184800,3
2021/08/08 15:43:47,GET,184900,4
2021/08/08 15:43:49,GET,185000,3
2021/08/08 15:43:53,GET,185100,4
2021/08/08 15:43:55,GET,185200,3
2021/08/08 15:43:57,GET,185300,3
2021/08/08 15:43:59,GET,185400,4
2021/08/08 15:44:01,GET,185500,4
2021/08/08 15:44:03,GET,185600,5
2021/08/08 15:44:05,GET,185700,4
2021/08/08 15:44:07,GET,185800,4
2021/08/08 15:44:09,GET,185900,5
2021/08/08 15:44:11,GET,186000,4
2021/08/08 15:44:13,GET,186100,3
2021/08/08 15:44:15,GET,186200,4
2021/08/08 15:44:17,GET,186300,3
2021/08/08 15:44:19,GET,186400,5
2021/08/08 15:44:21,GET,186500,4
2021/08/08 15:44:23,GET,186600,4
2021/08/08 15:44:25,GET,186700,4
2021/08/08 15:44:27,GET,186800,3
2021/08/08 15:44:29,GET,186900,4
2021/08/08 15:44:31,GET,187000,4
2021/08/08 15:44:33,GET,187100,4
2021/08/08 15:44:35,GET,187200,4
2021/08/08 15:44:37,GET,187300,4
2021/08/08 15:44:39,GET,187400,4
2021/08/08 15:44:41,GET,187500,4
2021/08/08 15:44:43,GET,187600,4
2021/08/08 15:44:45,GET,187700,4
2021/08/08 15:44:47,GET,187800,4
2021/08/08 15:44:49,GET,187900,4
2021/08/08 15:44:51,GET,188000,4
2021/08/08 15:44:53,GET,188100,6
2021/08/08 15:44:55,GET,188200,4
2021/08/08 15:44:57,GET,188300,4
2021/08/08 15:44:59,GET,188400,3
2021/08/08 15:45:01,GET,188500,3
2021/08/08 15:45:03,GET,188600,4
2021/08/08 15:45:05,GET,188700,4
2021/08/08 15:45:07,GET,188800,4
2021/08/08 15:45:09,GET,188900,3
2021/08/08 15:45:11,GET,189000,4
2021/08/08 15:45:13,GET,189100,3
2021/08/08 15:45:15,GET,189200,4
2021/08/08 15:45:17,GET,189300,4
2021/08/08 15:45:19,GET,189400,4
2021/08/08 15:45:21,GET,189500,3
2021/08/08 15:45:23,GET,189600,4
2021/08/08 15:45:25,GET,189700,4
2021/08/08 15:45:27,GET,189800,4
2021/08/08 15:45:29,GET,189900,5
2021/08/08 15:45:31,GET,190000,3
2021/08/08 15:45:33,GET,190100,4
2021/08/08 15:45:35,GET,190200,4
2021/08/08 15:45:37,GET,190300,4
2021/08/08 15:45:39,GET,190400,4
2021/08/08 15:45:41,GET,190500,4
2021/08/08 15:45:42,GET,190600,4
2021/08/08 15:45:46,GET,190700,4
2021/08/08 15:45:48,GET,190800,4
2021/08/08 15:45:51,GET,190900,8
2021/08/08 15:45:53,GET,191000,3
2021/08/08 15:45:55,GET,191100,4
2021/08/08 15:45:57,GET,191200,4
2021/08/08 15:45:59,GET,191300,4
2021/08/08 15:46:01,GET,191400,5
2021/08/08 15:46:04,GET,191500,5
2021/08/08 15:46:06,GET,191600,3
2021/08/08 15:46:08,GET,191700,5
2021/08/08 15:46:10,GET,191800,3
2021/08/08 15:46:12,GET,191900,4
2021/08/08 15:46:14,GET,192000,3
2021/08/08 15:46:16,GET,192100,4
2021/08/08 15:46:18,GET,192200,4
2021/08/08 15:46:20,GET,192300,5
2021/08/08 15:46:22,GET,192400,4
2021/08/08 15:46:23,GET,192500,5
2021/08/08 15:46:26,GET,192600,4
2021/08/08 15:46:27,GET,192700,3
2021/08/08 15:46:30,GET,192800,4
2021/08/08 15:46:31,GET,192900,4
2021/08/08 15:46:33,GET,193000,4
2021/08/08 15:46:38,GET,193100,4
2021/08/08 15:46:40,GET,193200,3
2021/08/08 15:46:42,GET,193300,3
2021/08/08 15:46:45,GET,193400,3
2021/08/08 15:46:47,GET,193500,5
2021/08/08 15:46:49,GET,193600,4
2021/08/08 15:46:51,GET,193700,4
2021/08/08 15:46:53,GET,193800,5
2021/08/08 15:46:55,GET,193900,5
2021/08/08 15:46:57,GET,194000,3
2021/08/08 15:46:58,GET,194100,5
2021/08/08 15:47:00,GET,194200,3
2021/08/08 15:47:02,GET,194300,4
2021/08/08 15:47:04,GET,194400,7
2021/08/08 15:47:06,GET,194500,3
2021/08/08 15:47:08,GET,194600,3
2021/08/08 15:47:10,GET,194700,4
2021/08/08 15:47:12,GET,194800,5
2021/08/08 15:47:14,GET,194900,3
2021/08/08 15:47:16,GET,195000,5
2021/08/08 15:47:18,GET,195100,4
2021/08/08 15:47:20,GET,195200,4
2021/08/08 15:47:22,GET,195300,3
2021/08/08 15:47:24,GET,195400,5
2021/08/08 15:47:26,GET,195500,3
2021/08/08 15:47:28,GET,195600,4
2021/08/08 15:47:30,GET,195700,5
2021/08/08 15:47:31,GET,195800,4
2021/08/08 15:47:33,GET,195900,4
2021/08/08 15:47:35,GET,196000,4
2021/08/08 15:47:37,GET,196100,4
2021/08/08 15:47:40,GET,196200,4
2021/08/08 15:47:42,GET,196300,4
2021/08/08 15:47:44,GET,196400,4
2021/08/08 15:47:46,GET,196500,5
2021/08/08 15:47:48,GET,196600,4
2021/08/08 15:47:50,GET,196700,4
2021/08/08 15:47:52,GET,196800,4
2021/08/08 15:47:54,GET,196900,4
2021/08/08 15:47:56,GET,197000,3
2021/08/08 15:47:58,GET,197100,4
2021/08/08 15:48:00,GET,197200,4
2021/08/08 15:48:03,GET,197300,5
2021/08/08 15:48:05,GET,197400,4
2021/08/08 15:48:07,GET,197500,4
2021/08/08 15:48:08,GET,197600,3
2021/08/08 15:48:10,GET,197700,4
2021/08/08 15:48:12,GET,197800,4
2021/08/08 15:48:14,GET,197900,4
2021/08/08 15:48:16,GET,198000,4
2021/08/08 15:48:18,GET,198100,3
2021/08/08 15:48:20,GET,198200,4
2021/08/08 15:48:22,GET,198300,3
2021/08/08 15:48:24,GET,198400,4
2021/08/08 15:48:26,GET,198500,4
2021/08/08 15:48:28,GET,198600,5
2021/08/08 15:48:30,GET,198700,4
2021/08/08 15:48:32,GET,198800,3
2021/08/08 15:48:34,GET,198900,4
2021/08/08 15:48:36,GET,199000,4
2021/08/08 15:48:38,GET,199100,5
2021/08/08 15:48:40,GET,199200,4
2021/08/08 15:48:42,GET,199300,38
2021/08/08 15:48:44,GET,199400,4
2021/08/08 15:48:46,GET,199500,4
2021/08/08 15:48:48,GET,199600,3
2021/08/08 15:48:50,GET,199700,3
2021/08/08 15:48:52,GET,199800,4
2021/08/08 15:48:54,GET,199900,4
2021/08/08 15:48:56,GET,200000,5
2021/08/08 15:48:58,GET,200100,4
2021/08/08 15:49:00,GET,200200,4
2021/08/08 15:49:02,GET,200300,3
2021/08/08 15:49:04,GET,200400,4
2021/08/08 15:49:06,GET,200500,4
2021/08/08 15:49:07,GET,200600,4
2021/08/08 15:49:10,GET,200700,5
2021/08/08 15:49:11,GET,200800,3
2021/08/08 15:49:13,GET,200900,4
2021/08/08 15:49:15,GET,201000,4
2021/08/08 15:49:17,GET,201100,4
2021/08/08 15:49:19,GET,201200,4
2021/08/08 15:49:21,GET,201300,5
2021/08/08 15:49:23,GET,201400,4
2021/08/08 15:49:25,GET,201500,3
2021/08/08 15:49:27,GET,201600,4
2021/08/08 15:49:29,GET,201700,4
2021/08/08 15:49:31,GET,201800,4
2021/08/08 15:49:33,GET,201900,3
2021/08/08 15:49:35,GET,202000,3
2021/08/08 15:49:37,GET,202100,3
2021/08/08 15:49:39,GET,202200,4
2021/08/08 15:49:41,GET,202300,4
2021/08/08 15:49:43,GET,202400,4
2021/08/08 15:49:45,GET,202500,4
2021/08/08 15:49:47,GET,202600,4
2021/08/08 15:49:49,GET,202700,3
2021/08/08 15:49:51,GET,202800,4
2021/08/08 15:49:53,GET,202900,4
2021/08/08 15:49:55,GET,203000,3
2021/08/08 15:49:57,GET,203100,4
2021/08/08 15:49:59,GET,203200,4
2021/08/08 15:50:01,GET,203300,5
2021/08/08 15:50:03,GET,203400,4
2021/08/08 15:50:05,GET,203500,3
2021/08/08 15:50:07,GET,203600,4
2021/08/08 15:50:09,GET,203700,6
2021/08/08 15:50:11,GET,203800,4
2021/08/08 15:50:13,GET,203900,4
2021/08/08 15:50:15,GET,204000,3
2021/08/08 15:50:17,GET,204100,4
2021/08/08 15:50:19,GET,204200,4
2021/08/08 15:50:21,GET,204300,4
2021/08/08 15:50:23,GET,204400,4
2021/08/08 15:50:25,GET,204500,4
2021/08/08 15:50:27,GET,204600,5
2021/08/08 15:50:29,GET,204700,4
2021/08/08 15:50:31,GET,204800,4
2021/08/08 15:50:33,GET,204900,4
2021/08/08 15:50:35,GET,205000,3
2021/08/08 15:50:37,GET,205100,4
2021/08/08 15:50:39,GET,205200,4
2021/08/08 15:50:41,GET,205300,4
2021/08/08 15:50:43,GET,205400,5
2021/08/08 15:50:45,GET,205500,3
2021/08/08 15:50:48,GET,205600,4
2021/08/08 15:50:50,GET,205700,4
2021/08/08 15:50:53,GET,205800,3
2021/08/08 15:50:55,GET,205900,3
2021/08/08 15:50:57,GET,206000,4
2021/08/08 15:50:59,GET,206100,5
2021/08/08 15:51:01,GET,206200,3
2021/08/08 15:51:03,GET,206300,3
2021/08/08 15:51:05,GET,206400,5
2021/08/08 15:51:07,GET,206500,3
2021/08/08 15:51:09,GET,206600,4
2021/08/08 15:51:11,GET,206700,5
2021/08/08 15:51:13,GET,206800,4
2021/08/08 15:51:15,GET,206900,5
2021/08/08 15:51:17,GET,207000,4
2021/08/08 15:51:19,GET,207100,4
2021/08/08 15:51:21,GET,207200,4
2021/08/08 15:51:23,GET,207300,4
2021/08/08 15:51:25,GET,207400,4
2021/08/08 15:51:27,GET,207500,3
2021/08/08 15:51:29,GET,207600,3
2021/08/08 15:51:31,GET,207700,5
2021/08/08 15:51:33,GET,207800,4
2021/08/08 15:51:35,GET,207900,4
2021/08/08 15:51:37,GET,208000,3
2021/08/08 15:51:42,GET,208100,3
2021/08/08 15:51:45,GET,208200,5
2021/08/08 15:51:47,GET,208300,4
2021/08/08 15:51:49,GET,208400,5
2021/08/08 15:51:51,GET,208500,7
2021/08/08 15:51:53,GET,208600,4
2021/08/08 15:51:55,GET,208700,4
2021/08/08 15:51:57,GET,208800,3
2021/08/08 15:51:58,GET,208900,3
2021/08/08 15:52:00,GET,209000,4
2021/08/08 15:52:02,GET,209100,5
2021/08/08 15:52:04,GET,209200,4
2021/08/08 15:52:06,GET,209300,4
2021/08/08 15:52:08,GET,209400,4
2021/08/08 15:52:10,GET,209500,4
2021/08/08 15:52:12,GET,209600,4
2021/08/08 15:52:14,GET,209700,4
2021/08/08 15:52:16,GET,209800,5
2021/08/08 15:52:18,GET,209900,4
2021/08/08 15:52:20,GET,210000,3
2021/08/08 15:52:22,GET,210100,3
2021/08/08 15:52:24,GET,210200,4
2021/08/08 15:52:26,GET,210300,4
2021/08/08 15:52:28,GET,210400,3
2021/08/08 15:52:30,GET,210500,3
2021/08/08 15:52:32,GET,210600,3
2021/08/08 15:52:35,GET,210700,4
2021/08/08 15:52:37,GET,210800,4
2021/08/08 15:52:39,GET,210900,5
2021/08/08 15:52:41,GET,211000,4
2021/08/08 15:52:44,GET,211100,5
2021/08/08 15:52:46,GET,211200,4
2021/08/08 15:52:48,GET,211300,5
2021/08/08 15:52:50,GET,211400,4
2021/08/08 15:52:52,GET,211500,4
2021/08/08 15:52:54,GET,211600,4
2021/08/08 15:52:56,GET,211700,3
2021/08/08 15:52:58,GET,211800,4
2021/08/08 15:53:00,GET,211900,3
2021/08/08 15:53:02,GET,212000,4
2021/08/08 15:53:04,GET,212100,4
2021/08/08 15:53:06,GET,212200,3
2021/08/08 15:53:08,GET,212300,4
2021/08/08 15:53:10,GET,212400,3
2021/08/08 15:53:12,GET,212500,4
2021/08/08 15:53:14,GET,212600,4
2021/08/08 15:53:16,GET,212700,4
2021/08/08 15:53:18,GET,212800,4
2021/08/08 15:53:20,GET,212900,3
2021/08/08 15:53:22,GET,213000,3
2021/08/08 15:53:24,GET,213100,4
2021/08/08 15:53:26,GET,213200,3
2021/08/08 15:53:28,GET,213300,4
2021/08/08 15:53:30,GET,213400,5
2021/08/08 15:53:32,GET,213500,6
2021/08/08 15:53:34,GET,213600,4
2021/08/08 15:53:36,GET,213700,3
2021/08/08 15:53:38,GET,213800,4
2021/08/08 15:53:41,GET,213900,4
2021/08/08 15:53:43,GET,214000,3
2021/08/08 15:53:45,GET,214100,4
2021/08/08 15:53:47,GET,214200,3
2021/08/08 15:53:49,GET,214300,4
2021/08/08 15:53:50,GET,214400,3
2021/08/08 15:53:53,GET,214500,3
2021/08/08 15:53:55,GET,214600,4
2021/08/08 15:53:57,GET,214700,5
2021/08/08 15:53:59,GET,214800,3
2021/08/08 15:54:03,GET,214900,4
2021/08/08 15:54:05,GET,215000,4
2021/08/08 15:54:07,GET,215100,4
2021/08/08 15:54:09,GET,215200,4
2021/08/08 15:54:11,GET,215300,6
2021/08/08 15:54:13,GET,215400,2
2021/08/08 15:54:16,GET,215500,4
2021/08/08 15:54:18,GET,215600,3
2021/08/08 15:54:20,GET,215700,4
2021/08/08 15:54:22,GET,215800,4
2021/08/08 15:54:24,GET,215900,4
2021/08/08 15:54:26,GET,216000,3
2021/08/08 15:54:28,GET,216100,4
2021/08/08 15:54:31,GET,216200,5
2021/08/08 15:54:33,GET,216300,4
2021/08/08 15:54:35,GET,216400,3
2021/08/08 15:54:37,GET,216500,4
2021/08/08 15:54:39,GET,216600,5
2021/08/08 15:54:41,GET,216700,3
2021/08/08 15:54:43,GET,216800,4
2021/08/08 15:54:45,GET,216900,4
2021/08/08 15:54:47,GET,217000,4
2021/08/08 15:54:49,GET,217100,3
2021/08/08 15:54:51,GET,217200,4
2021/08/08 15:54:54,GET,217300,6
2021/08/08 15:54:56,GET,217400,4
2021/08/08 15:54:58,GET,217500,4
2021/08/08 15:55:01,GET,217600,5
2021/08/08 15:55:03,GET,217700,4
2021/08/08 15:55:05,GET,217800,5
2021/08/08 15:55:08,GET,217900,4
2021/08/08 15:55:10,GET,218000,4
2021/08/08 15:55:12,GET,218100,3
2021/08/08 15:55:14,GET,218200,5
2021/08/08 15:55:16,GET,218300,5
2021/08/08 15:55:18,GET,218400,3
2021/08/08 15:55:21,GET,218500,4
2021/08/08 15:55:23,GET,218600,7
2021/08/08 15:55:25,GET,218700,4
2021/08/08 15:55:27,GET,218800,4
2021/08/08 15:55:29,GET,218900,4
2021/08/08 15:55:31,GET,219000,5
2021/08/08 15:55:33,GET,219100,5
2021/08/08 15:55:36,GET,219200,4
2021/08/08 15:55:38,GET,219300,4
2021/08/08 15:55:40,GET,219400,4
2021/08/08 15:55:42,GET,219500,4
2021/08/08 15:55:44,GET,219600,4
2021/08/08 15:55:46,GET,219700,5
2021/08/08 15:55:48,GET,219800,4
2021/08/08 15:55:51,GET,219900,8
2021/08/08 15:55:53,GET,220000,5
2021/08/08 15:55:55,GET,220100,5
2021/08/08 15:55:58,GET,220200,5
2021/08/08 15:56:00,GET,220300,5
2021/08/08 15:56:02,GET,220400,5
2021/08/08 15:56:05,GET,220500,5
2021/08/08 15:56:07,GET,220600,4
2021/08/08 15:56:09,GET,220700,4
2021/08/08 15:56:11,GET,220800,3
2021/08/08 15:56:13,GET,220900,4
2021/08/08 15:56:15,GET,221000,5
2021/08/08 15:56:18,GET,221100,5
2021/08/08 15:56:20,GET,221200,6
2021/08/08 15:56:24,GET,221300,3
2021/08/08 15:56:26,GET,221400,4
2021/08/08 15:56:28,GET,221500,4
2021/08/08 15:56:31,GET,221600,6
2021/08/08 15:56:33,GET,221700,3
2021/08/08 15:56:35,GET,221800,4
2021/08/08 15:56:37,GET,221900,4
2021/08/08 15:56:39,GET,222000,5
2021/08/08 15:56:45,GET,222100,6
2021/08/08 15:56:47,GET,222200,3
2021/08/08 15:56:49,GET,222300,4
2021/08/08 15:56:53,GET,222400,4
2021/08/08 15:56:55,GET,222500,6
2021/08/08 15:56:57,GET,222600,5
2021/08/08 15:56:59,GET,222700,4
2021/08/08 15:57:02,GET,222800,4
2021/08/08 15:57:04,GET,222900,3
2021/08/08 15:57:06,GET,223000,3
2021/08/08 15:57:08,GET,223100,4
2021/08/08 15:57:10,GET,223200,3
2021/08/08 15:57:13,GET,223300,4
2021/08/08 15:57:15,GET,223400,3
2021/08/08 15:57:17,GET,223500,4
2021/08/08 15:57:19,GET,223600,5
2021/08/08 15:57:21,GET,223700,3
2021/08/08 15:57:24,GET,223800,5
2021/08/08 15:57:26,GET,223900,4
2021/08/08 15:57:28,GET,224000,3
2021/08/08 15:57:30,GET,224100,5
2021/08/08 15:57:32,GET,224200,4
2021/08/08 15:57:34,GET,224300,5
2021/08/08 15:57:36,GET,224400,4
2021/08/08 15:57:38,GET,224500,4
2021/08/08 15:57:40,GET,224600,2
2021/08/08 15:57:43,GET,224700,3
2021/08/08 15:57:46,GET,224800,4
2021/08/08 15:57:48,GET,224900,5
2021/08/08 15:57:50,GET,225000,4
2021/08/08 15:57:53,GET,225100,5
2021/08/08 15:57:55,GET,225200,5
2021/08/08 15:57:58,GET,225300,6
2021/08/08 15:58:00,GET,225400,4
2021/08/08 15:58:02,GET,225500,5
2021/08/08 15:58:04,GET,225600,5
2021/08/08 15:58:06,GET,225700,4
2021/08/08 15:58:09,GET,225800,4
2021/08/08 15:58:11,GET,225900,4
2021/08/08 15:58:13,GET,226000,4
2021/08/08 15:58:15,GET,226100,4
2021/08/08 15:58:17,GET,226200,4
2021/08/08 15:58:19,GET,226300,3
2021/08/08 15:58:22,GET,226400,4
2021/08/08 15:58:23,GET,226500,4
2021/08/08 15:58:25,GET,226600,4
2021/08/08 15:58:27,GET,226700,4
2021/08/08 15:58:30,GET,226800,5
2021/08/08 15:58:32,GET,226900,4
2021/08/08 15:58:33,GET,227000,3
2021/08/08 15:58:35,GET,227100,4
2021/08/08 15:58:37,GET,227200,3
2021/08/08 15:58:39,GET,227300,3
2021/08/08 15:58:43,GET,227400,3
2021/08/08 15:58:45,GET,227500,4
2021/08/08 15:58:47,GET,227600,5
2021/08/08 15:58:50,GET,227700,4
2021/08/08 15:58:52,GET,227800,6
2021/08/08 15:58:54,GET,227900,5
2021/08/08 15:58:56,GET,228000,3
2021/08/08 15:58:58,GET,228100,5
2021/08/08 15:59:00,GET,228200,4
2021/08/08 15:59:02,GET,228300,4
2021/08/08 15:59:05,GET,228400,4
2021/08/08 15:59:07,GET,228500,4
2021/08/08 15:59:09,GET,228600,6
2021/08/08 15:59:11,GET,228700,4
2021/08/08 15:59:13,GET,228800,5
2021/08/08 15:59:15,GET,228900,3
2021/08/08 15:59:17,GET,229000,3
2021/08/08 15:59:19,GET,229100,4
2021/08/08 15:59:21,GET,229200,4
2021/08/08 15:59:23,GET,229300,3
2021/08/08 15:59:25,GET,229400,4
2021/08/08 15:59:27,GET,229500,4
2021/08/08 15:59:29,GET,229600,4
2021/08/08 15:59:31,GET,229700,3
2021/08/08 15:59:32,GET,229800,4
2021/08/08 15:59:34,GET,229900,3
2021/08/08 15:59:36,GET,230000,3
2021/08/08 15:59:38,GET,230100,4
2021/08/08 15:59:40,GET,230200,4
2021/08/08 15:59:42,GET,230300,4
2021/08/08 15:59:44,GET,230400,5
2021/08/08 15:59:46,GET,230500,4
2021/08/08 15:59:48,GET,230600,3
2021/08/08 15:59:50,GET,230700,3
2021/08/08 15:59:52,GET,230800,4
2021/08/08 15:59:55,GET,230900,4
2021/08/08 15:59:57,GET,231000,4
2021/08/08 15:59:59,GET,231100,4
2021/08/08 16:00:01,GET,231200,4
2021/08/08 16:00:03,GET,231300,4
2021/08/08 16:00:05,GET,231400,4
2021/08/08 16:00:07,GET,231500,4
2021/08/08 16:00:09,GET,231600,3
2021/08/08 16:00:12,GET,231700,4
2021/08/08 16:00:14,GET,231800,4
2021/08/08 16:00:16,GET,231900,4
2021/08/08 16:00:18,GET,232000,3
2021/08/08 16:00:20,GET,232100,5
2021/08/08 16:00:22,GET,232200,4
2021/08/08 16:00:24,GET,232300,4
2021/08/08 16:00:25,GET,232400,4
2021/08/08 16:00:28,GET,232500,6
2021/08/08 16:00:30,GET,232600,4
2021/08/08 16:00:32,GET,232700,3
2021/08/08 16:00:34,GET,232800,3
2021/08/08 16:00:36,GET,232900,4
2021/08/08 16:00:37,GET,233000,4
2021/08/08 16:00:39,GET,233100,4
2021/08/08 16:00:41,GET,233200,4
2021/08/08 16:00:43,GET,233300,4
2021/08/08 16:00:45,GET,233400,4
2021/08/08 16:00:47,GET,233500,4
2021/08/08 16:00:49,GET,233600,4
2021/08/08 16:00:51,GET,233700,4
2021/08/08 16:00:53,GET,233800,4
2021/08/08 16:00:55,GET,233900,5
2021/08/08 16:00:57,GET,234000,3
2021/08/08 16:00:59,GET,234100,3
2021/08/08 16:01:02,GET,234200,4
2021/08/08 16:01:04,GET,234300,5
2021/08/08 16:01:06,GET,234400,3
2021/08/08 16:01:08,GET,234500,5
2021/08/08 16:01:10,GET,234600,4
2021/08/08 16:01:12,GET,234700,4
2021/08/08 16:01:14,GET,234800,4
2021/08/08 16:01:16,GET,234900,5
2021/08/08 16:01:18,GET,235000,3
2021/08/08 16:01:20,GET,235100,4
2021/08/08 16:01:22,GET,235200,4
2021/08/08 16:01:24,GET,235300,4
2021/08/08 16:01:26,GET,235400,5
2021/08/08 16:01:28,GET,235500,5
2021/08/08 16:01:29,GET,235600,4
2021/08/08 16:01:31,GET,235700,4
2021/08/08 16:01:34,GET,235800,5
2021/08/08 16:01:36,GET,235900,5
2021/08/08 16:01:38,GET,236000,3
2021/08/08 16:01:39,GET,236100,4
2021/08/08 16:01:41,GET,236200,4
2021/08/08 16:01:43,GET,236300,3
2021/08/08 16:01:50,GET,236400,3
2021/08/08 16:01:55,GET,236500,4
2021/08/08 16:01:57,GET,236600,4
2021/08/08 16:01:59,GET,236700,6
2021/08/08 16:02:01,GET,236800,4
2021/08/08 16:02:04,GET,236900,4
2021/08/08 16:02:06,GET,237000,4
2021/08/08 16:02:08,GET,237100,6
2021/08/08 16:02:10,GET,237200,3
2021/08/08 16:02:12,GET,237300,4
2021/08/08 16:02:15,GET,237400,4
2021/08/08 16:02:17,GET,237500,8
2021/08/08 16:02:19,GET,237600,4
2021/08/08 16:02:22,GET,237700,4
2021/08/08 16:02:24,GET,237800,4
2021/08/08 16:02:26,GET,237900,4
2021/08/08 16:02:27,GET,238000,3
2021/08/08 16:02:29,GET,238100,4
2021/08/08 16:02:32,GET,238200,5
2021/08/08 16:02:34,GET,238300,5
2021/08/08 16:02:35,GET,238400,3
2021/08/08 16:02:37,GET,238500,5
2021/08/08 16:02:39,GET,238600,4
2021/08/08 16:02:41,GET,238700,4
2021/08/08 16:02:43,GET,238800,4
2021/08/08 16:02:45,GET,238900,5
2021/08/08 16:02:47,GET,239000,4
2021/08/08 16:02:49,GET,239100,6
2021/08/08 16:02:51,GET,239200,4
2021/08/08 16:02:53,GET,239300,2
2021/08/08 16:02:55,GET,239400,4
2021/08/08 16:02:57,GET,239500,4
2021/08/08 16:03:00,GET,239600,4
2021/08/08 16:03:03,GET,239700,3
2021/08/08 16:03:05,GET,239800,4
2021/08/08 16:03:07,GET,239900,4
2021/08/08 16:03:09,GET,240000,2
2021/08/08 16:03:12,GET,240100,4
2021/08/08 16:03:13,GET,240200,4
2021/08/08 16:03:16,GET,240300,3
2021/08/08 16:03:18,GET,240400,4
2021/08/08 16:03:20,GET,240500,3
2021/08/08 16:03:22,GET,240600,4
2021/08/08 16:03:24,GET,240700,4
2021/08/08 16:03:26,GET,240800,5
2021/08/08 16:03:28,GET,240900,4
2021/08/08 16:03:30,GET,241000,4
2021/08/08 16:03:32,GET,241100,4
2021/08/08 16:03:34,GET,241200,4
2021/08/08 16:03:36,GET,241300,4
2021/08/08 16:03:38,GET,241400,5
2021/08/08 16:03:40,GET,241500,3
2021/08/08 16:03:41,GET,241600,4
2021/08/08 16:03:43,GET,241700,4
2021/08/08 16:03:45,GET,241800,4
2021/08/08 16:03:47,GET,241900,6
2021/08/08 16:03:49,GET,242000,4
2021/08/08 16:03:51,GET,242100,5
2021/08/08 16:03:53,GET,242200,4
2021/08/08 16:03:55,GET,242300,5
2021/08/08 16:03:57,GET,242400,4
2021/08/08 16:04:01,GET,242500,3
2021/08/08 16:04:03,GET,242600,4
2021/08/08 16:04:05,GET,242700,4
2021/08/08 16:04:07,GET,242800,4
2021/08/08 16:04:09,GET,242900,4
2021/08/08 16:04:10,GET,243000,4
2021/08/08 16:04:13,GET,243100,4
2021/08/08 16:04:15,GET,243200,4
2021/08/08 16:04:17,GET,243300,5
2021/08/08 16:04:19,GET,243400,4
2021/08/08 16:04:21,GET,243500,5
2021/08/08 16:04:23,GET,243600,5
2021/08/08 16:04:25,GET,243700,4
2021/08/08 16:04:27,GET,243800,4
2021/08/08 16:04:29,GET,243900,4
2021/08/08 16:04:31,GET,244000,4
2021/08/08 16:04:33,GET,244100,4
2021/08/08 16:04:35,GET,244200,4
2021/08/08 16:04:37,GET,244300,3
2021/08/08 16:04:38,GET,244400,4
2021/08/08 16:04:40,GET,244500,3
2021/08/08 16:04:42,GET,244600,3
2021/08/08 16:04:45,GET,244700,4
2021/08/08 16:04:46,GET,244800,5
2021/08/08 16:04:48,GET,244900,4
2021/08/08 16:04:50,GET,245000,3
2021/08/08 16:04:52,GET,245100,5
2021/08/08 16:04:54,GET,245200,4
2021/08/08 16:04:56,GET,245300,5
2021/08/08 16:04:59,GET,245400,4
2021/08/08 16:05:01,GET,245500,5
2021/08/08 16:05:03,GET,245600,4
2021/08/08 16:05:05,GET,245700,4
2021/08/08 16:05:07,GET,245800,4
2021/08/08 16:05:09,GET,245900,4
2021/08/08 16:05:11,GET,246000,3
2021/08/08 16:05:13,GET,246100,4
2021/08/08 16:05:15,GET,246200,3
2021/08/08 16:05:17,GET,246300,3
2021/08/08 16:05:20,GET,246400,5
2021/08/08 16:05:21,GET,246500,4
2021/08/08 16:05:23,GET,246600,3
2021/08/08 16:05:25,GET,246700,3
2021/08/08 16:05:27,GET,246800,5
2021/08/08 16:05:29,GET,246900,3
2021/08/08 16:05:32,GET,247000,4
2021/08/08 16:05:35,GET,247100,4
2021/08/08 16:05:37,GET,247200,4
2021/08/08 16:05:39,GET,247300,4
2021/08/08 16:05:41,GET,247400,3
2021/08/08 16:05:43,GET,247500,4
2021/08/08 16:05:45,GET,247600,3
2021/08/08 16:05:47,GET,247700,6
2021/08/08 16:05:50,GET,247800,4
2021/08/08 16:05:52,GET,247900,5
2021/08/08 16:05:54,GET,248000,4
2021/08/08 16:05:56,GET,248100,3
2021/08/08 16:05:58,GET,248200,3
2021/08/08 16:06:00,GET,248300,4
2021/08/08 16:06:02,GET,248400,3
2021/08/08 16:06:04,GET,248500,5
2021/08/08 16:06:06,GET,248600,4
2021/08/08 16:06:08,GET,248700,3
2021/08/08 16:06:10,GET,248800,5
2021/08/08 16:06:12,GET,248900,4
2021/08/08 16:06:14,GET,249000,3
2021/08/08 16:06:16,GET,249100,4
2021/08/08 16:06:18,GET,249200,4
2021/08/08 16:06:20,GET,249300,15
2021/08/08 16:06:22,GET,249400,4
2021/08/08 16:06:24,GET,249500,4
2021/08/08 16:06:26,GET,249600,4
2021/08/08 16:06:28,GET,249700,5
2021/08/08 16:06:30,GET,249800,4
2021/08/08 16:06:32,GET,249900,4
2021/08/08 16:06:34,GET,250000,4
2021/08/08 16:06:37,GET,250100,4
2021/08/08 16:06:39,GET,250200,5
2021/08/08 16:06:41,GET,250300,4
2021/08/08 16:06:43,GET,250400,3
2021/08/08 16:06:46,GET,250500,4
2021/08/08 16:06:48,GET,250600,3
2021/08/08 16:06:55,GET,250700,2
2021/08/08 16:06:57,GET,250800,4
2021/08/08 16:07:01,GET,250900,4
2021/08/08 16:07:03,GET,251000,4
2021/08/08 16:07:05,GET,251100,4
2021/08/08 16:07:07,GET,251200,4
2021/08/08 16:07:09,GET,251300,3
2021/08/08 16:07:10,GET,251400,4
2021/08/08 16:07:12,GET,251500,3
2021/08/08 16:07:14,GET,251600,4
2021/08/08 16:07:16,GET,251700,3
2021/08/08 16:07:18,GET,251800,3
2021/08/08 16:07:20,GET,251900,6
2021/08/08 16:07:22,GET,252000,3
2021/08/08 16:07:24,GET,252100,5
2021/08/08 16:07:27,GET,252200,4
2021/08/08 16:07:29,GET,252300,4
2021/08/08 16:07:30,GET,252400,4
2021/08/08 16:07:32,GET,252500,5
2021/08/08 16:07:34,GET,252600,4
2021/08/08 16:07:36,GET,252700,3
2021/08/08 16:07:38,GET,252800,4
2021/08/08 16:07:40,GET,252900,3
2021/08/08 16:07:42,GET,253000,3
2021/08/08 16:07:44,GET,253100,8
2021/08/08 16:07:46,GET,253200,3
2021/08/08 16:07:48,GET,253300,3
2021/08/08 16:07:50,GET,253400,4
2021/08/08 16:07:52,GET,253500,4
2021/08/08 16:07:54,GET,253600,6
2021/08/08 16:07:56,GET,253700,4
2021/08/08 16:07:58,GET,253800,5
2021/08/08 16:08:00,GET,253900,4
2021/08/08 16:08:02,GET,254000,4
2021/08/08 16:08:05,GET,254100,4
2021/08/08 16:08:07,GET,254200,5
2021/08/08 16:08:09,GET,254300,3
2021/08/08 16:08:10,GET,254400,4
2021/08/08 16:08:12,GET,254500,3
2021/08/08 16:08:14,GET,254600,4
2021/08/08 16:08:17,GET,254700,4
2021/08/08 16:08:18,GET,254800,3
2021/08/08 16:08:20,GET,254900,4
2021/08/08 16:08:22,GET,255000,4
2021/08/08 16:08:24,GET,255100,5
2021/08/08 16:08:26,GET,255200,4
2021/08/08 16:08:28,GET,255300,6
2021/08/08 16:08:30,GET,255400,4
2021/08/08 16:08:32,GET,255500,4
2021/08/08 16:08:34,GET,255600,3
2021/08/08 16:08:36,GET,255700,5
2021/08/08 16:08:39,GET,255800,6
2021/08/08 16:08:41,GET,255900,4
2021/08/08 16:08:43,GET,256000,4
2021/08/08 16:08:45,GET,256100,4
2021/08/08 16:08:47,GET,256200,4
2021/08/08 16:08:49,GET,256300,5
2021/08/08 16:08:53,GET,256400,15
2021/08/08 16:08:57,GET,256500,5
2021/08/08 16:08:59,GET,256600,4
2021/08/08 16:09:02,GET,256700,5
2021/08/08 16:09:04,GET,256800,4
2021/08/08 16:09:06,GET,256900,4
2021/08/08 16:09:08,GET,257000,4
2021/08/08 16:09:10,GET,257100,3
2021/08/08 16:09:12,GET,257200,4
2021/08/08 16:09:14,GET,257300,3
2021/08/08 16:09:16,GET,257400,4
2021/08/08 16:09:18,GET,257500,4
2021/08/08 16:09:20,GET,257600,5
2021/08/08 16:09:22,GET,257700,4
2021/08/08 16:09:24,GET,257800,4
2021/08/08 16:09:26,GET,257900,4
2021/08/08 16:09:28,GET,258000,3
2021/08/08 16:09:30,GET,258100,5
2021/08/08 16:09:32,GET,258200,4
2021/08/08 16:09:34,GET,258300,4
2021/08/08 16:09:36,GET,258400,3
2021/08/08 16:09:38,GET,258500,4
2021/08/08 16:09:40,GET,258600,4
2021/08/08 16:09:42,GET,258700,4
2021/08/08 16:09:44,GET,258800,4
2021/08/08 16:09:46,GET,258900,4
2021/08/08 16:09:48,GET,259000,3
2021/08/08 16:09:50,GET,259100,4
2021/08/08 16:09:53,GET,259200,4
2021/08/08 16:09:57,GET,259300,5
2021/08/08 16:10:00,GET,259400,5
2021/08/08 16:10:02,GET,259500,6
2021/08/08 16:10:04,GET,259600,5
2021/08/08 16:10:06,GET,259700,4
2021/08/08 16:10:08,GET,259800,7
2021/08/08 16:10:11,GET,259900,4
2021/08/08 16:10:12,GET,260000,3
2021/08/08 16:10:14,GET,260100,4
2021/08/08 16:10:16,GET,260200,3
2021/08/08 16:10:18,GET,260300,5
2021/08/08 16:10:20,GET,260400,3
2021/08/08 16:10:23,GET,260500,4
2021/08/08 16:10:25,GET,260600,5
2021/08/08 16:10:27,GET,260700,4
2021/08/08 16:10:29,GET,260800,4
2021/08/08 16:10:31,GET,260900,4
2021/08/08 16:10:33,GET,261000,3
2021/08/08 16:10:35,GET,261100,4
2021/08/08 16:10:38,GET,261200,4
2021/08/08 16:10:40,GET,261300,4
2021/08/08 16:10:42,GET,261400,51
2021/08/08 16:10:44,GET,261500,4
2021/08/08 16:10:46,GET,261600,5
2021/08/08 16:10:48,GET,261700,4
2021/08/08 16:10:51,GET,261800,4
2021/08/08 16:10:53,GET,261900,4
2021/08/08 16:10:55,GET,262000,4
2021/08/08 16:10:57,GET,262100,4
2021/08/08 16:10:59,GET,262200,4
2021/08/08 16:11:01,GET,262300,4
2021/08/08 16:11:03,GET,262400,5
2021/08/08 16:11:05,GET,262500,4
2021/08/08 16:11:07,GET,262600,3
2021/08/08 16:11:08,GET,262700,4
2021/08/08 16:11:10,GET,262800,5
2021/08/08 16:11:12,GET,262900,3
2021/08/08 16:11:14,GET,263000,4
2021/08/08 16:11:16,GET,263100,4
2021/08/08 16:11:18,GET,263200,4
2021/08/08 16:11:20,GET,263300,3
2021/08/08 16:11:21,GET,263400,5
2021/08/08 16:11:23,GET,263500,4
2021/08/08 16:11:25,GET,263600,4
2021/08/08 16:11:27,GET,263700,4
2021/08/08 16:11:29,GET,263800,3
2021/08/08 16:11:31,GET,263900,5
2021/08/08 16:11:33,GET,264000,3
2021/08/08 16:11:35,GET,264100,4
2021/08/08 16:11:37,GET,264200,3
2021/08/08 16:11:39,GET,264300,4
2021/08/08 16:11:41,GET,264400,3
2021/08/08 16:11:42,GET,264500,5
2021/08/08 16:11:45,GET,264600,3
2021/08/08 16:11:47,GET,264700,4
2021/08/08 16:11:48,GET,264800,4
2021/08/08 16:11:50,GET,264900,4
2021/08/08 16:11:52,GET,265000,4
2021/08/08 16:11:54,GET,265100,4
2021/08/08 16:12:02,GET,265200,2
2021/08/08 16:12:05,GET,265300,5
2021/08/08 16:12:08,GET,265400,4
2021/08/08 16:12:09,GET,265500,3
2021/08/08 16:12:11,GET,265600,4
2021/08/08 16:12:14,GET,265700,4
2021/08/08 16:12:16,GET,265800,3
2021/08/08 16:12:18,GET,265900,3
2021/08/08 16:12:20,GET,266000,3
2021/08/08 16:12:21,GET,266100,4
2021/08/08 16:12:24,GET,266200,5
2021/08/08 16:12:25,GET,266300,4
2021/08/08 16:12:27,GET,266400,4
2021/08/08 16:12:29,GET,266500,3
2021/08/08 16:12:31,GET,266600,4
2021/08/08 16:12:33,GET,266700,3
2021/08/08 16:12:35,GET,266800,5
2021/08/08 16:12:37,GET,266900,4
2021/08/08 16:12:38,GET,267000,4
2021/08/08 16:12:40,GET,267100,3
2021/08/08 16:12:42,GET,267200,3
2021/08/08 16:12:44,GET,267300,6
2021/08/08 16:12:46,GET,267400,4
2021/08/08 16:12:48,GET,267500,5
2021/08/08 16:12:50,GET,267600,4
2021/08/08 16:12:51,GET,267700,5
2021/08/08 16:12:53,GET,267800,3
2021/08/08 16:12:55,GET,267900,4
2021/08/08 16:12:57,GET,268000,3
2021/08/08 16:12:59,GET,268100,4
2021/08/08 16:13:01,GET,268200,4
2021/08/08 16:13:03,GET,268300,4
2021/08/08 16:13:05,GET,268400,3
2021/08/08 16:13:08,GET,268500,4
2021/08/08 16:13:11,GET,268600,3
2021/08/08 16:13:13,GET,268700,3
2021/08/08 16:13:15,GET,268800,4
2021/08/08 16:13:17,GET,268900,3
2021/08/08 16:13:19,GET,269000,3
2021/08/08 16:13:21,GET,269100,5
2021/08/08 16:13:23,GET,269200,4
2021/08/08 16:13:25,GET,269300,4
2021/08/08 16:13:27,GET,269400,4
2021/08/08 16:13:29,GET,269500,3
2021/08/08 16:13:31,GET,269600,3
2021/08/08 16:13:33,GET,269700,3
2021/08/08 16:13:35,GET,269800,4
2021/08/08 16:13:37,GET,269900,3
2021/08/08 16:13:39,GET,270000,2
2021/08/08 16:13:41,GET,270100,3
2021/08/08 16:13:43,GET,270200,4
2021/08/08 16:13:45,GET,270300,3
2021/08/08 16:13:47,GET,270400,3
2021/08/08 16:13:48,GET,270500,4
2021/08/08 16:13:50,GET,270600,4
2021/08/08 16:13:52,GET,270700,5
2021/08/08 16:13:54,GET,270800,5
2021/08/08 16:13:56,GET,270900,4
2021/08/08 16:13:58,GET,271000,3
2021/08/08 16:14:00,GET,271100,4
2021/08/08 16:14:02,GET,271200,3
2021/08/08 16:14:03,GET,271300,4
2021/08/08 16:14:05,GET,271400,5
2021/08/08 16:14:07,GET,271500,3
2021/08/08 16:14:09,GET,271600,4
2021/08/08 16:14:11,GET,271700,4
2021/08/08 16:14:13,GET,271800,3
2021/08/08 16:14:15,GET,271900,4
2021/08/08 16:14:17,GET,272000,4
2021/08/08 16:14:19,GET,272100,15
2021/08/08 16:14:21,GET,272200,3
2021/08/08 16:14:23,GET,272300,4
2021/08/08 16:14:25,GET,272400,4
2021/08/08 16:14:27,GET,272500,4
2021/08/08 16:14:28,GET,272600,3
2021/08/08 16:14:32,GET,272700,3
2021/08/08 16:14:33,GET,272800,3
2021/08/08 16:14:35,GET,272900,4
2021/08/08 16:14:37,GET,273000,3
2021/08/08 16:14:39,GET,273100,3
2021/08/08 16:14:41,GET,273200,3
2021/08/08 16:14:42,GET,273300,4
2021/08/08 16:14:45,GET,273400,3
2021/08/08 16:14:47,GET,273500,5
2021/08/08 16:14:49,GET,273600,3
2021/08/08 16:14:50,GET,273700,5
2021/08/08 16:14:52,GET,273800,4
2021/08/08 16:14:55,GET,273900,4
2021/08/08 16:14:57,GET,274000,4
2021/08/08 16:14:59,GET,274100,3
2021/08/08 16:15:01,GET,274200,4
2021/08/08 16:15:02,GET,274300,4
2021/08/08 16:15:04,GET,274400,4
2021/08/08 16:15:06,GET,274500,4
2021/08/08 16:15:08,GET,274600,4
2021/08/08 16:15:10,GET,274700,3
2021/08/08 16:15:12,GET,274800,4
2021/08/08 16:15:14,GET,274900,3
2021/08/08 16:15:16,GET,275000,3
2021/08/08 16:15:18,GET,275100,4
2021/08/08 16:15:20,GET,275200,4
2021/08/08 16:15:21,GET,275300,4
2021/08/08 16:15:24,GET,275400,4
2021/08/08 16:15:25,GET,275500,3
2021/08/08 16:15:27,GET,275600,4
2021/08/08 16:15:29,GET,275700,4
2021/08/08 16:15:31,GET,275800,3
2021/08/08 16:15:33,GET,275900,3
2021/08/08 16:15:35,GET,276000,4
2021/08/08 16:15:37,GET,276100,4
2021/08/08 16:15:39,GET,276200,5
2021/08/08 16:15:41,GET,276300,3
2021/08/08 16:15:42,GET,276400,4
2021/08/08 16:15:44,GET,276500,4
2021/08/08 16:15:46,GET,276600,4
2021/08/08 16:15:48,GET,276700,4
2021/08/08 16:15:50,GET,276800,4
2021/08/08 16:15:52,GET,276900,6
2021/08/08 16:15:54,GET,277000,3
2021/08/08 16:15:56,GET,277100,4
2021/08/08 16:15:58,GET,277200,4
2021/08/08 16:16:00,GET,277300,5
2021/08/08 16:16:01,GET,277400,3
2021/08/08 16:16:03,GET,277500,4
2021/08/08 16:16:06,GET,277600,4
2021/08/08 16:16:08,GET,277700,3
2021/08/08 16:16:10,GET,277800,5
2021/08/08 16:16:12,GET,277900,3
2021/08/08 16:16:13,GET,278000,3
2021/08/08 16:16:15,GET,278100,3
2021/08/08 16:16:17,GET,278200,4
2021/08/08 16:16:19,GET,278300,7
2021/08/08 16:16:21,GET,278400,3
2021/08/08 16:16:23,GET,278500,4
2021/08/08 16:16:25,GET,278600,4
2021/08/08 16:16:27,GET,278700,4
2021/08/08 16:16:29,GET,278800,4
2021/08/08 16:16:30,GET,278900,3
2021/08/08 16:16:33,GET,279000,3
2021/08/08 16:16:34,GET,279100,3
2021/08/08 16:16:36,GET,279200,3
2021/08/08 16:16:38,GET,279300,4
2021/08/08 16:16:40,GET,279400,4
2021/08/08 16:16:42,GET,279500,3
2021/08/08 16:16:44,GET,279600,4
2021/08/08 16:16:46,GET,279700,4
2021/08/08 16:16:48,GET,279800,5
2021/08/08 16:16:50,GET,279900,4
2021/08/08 16:16:52,GET,280000,3
2021/08/08 16:16:53,GET,280100,5
2021/08/08 16:16:55,GET,280200,4
